subject_nr,CategoryLeft,CategoryRight,Condition,Exemplar,response,correct,cat,MAD,RT
1,Fisch,Reptil,Atypical,Aal,Reptil,0,af,-88.0794326252408,3125
1,Fisch,Saeugetier,Typical,Loewe,Saeugetier,1,tc,-85.0821525881897,1000
1,Reptil,Saeugetier,Typical,Kaninchen,Saeugetier,1,tc,-65.4189620288372,1387
1,Saeugetier,Fisch,Atypical,Seeloewe,Saeugetier,1,ac,99.1837292503677,2211
1,Saeugetier,Reptil,Typical,Alligator,Reptil,1,tc,-64.3404142359889,1606
1,Fisch,Vogel,Atypical,Pinguin,Vogel,1,ac,623.550219845759,2230
1,Reptil,Saeugetier,Typical,Katze,Saeugetier,1,tc,598.199317216519,1219
1,Vogel,Saeugetier,Typical,Spatz,Vogel,1,tc,880.764099830054,1311
1,Reptil,Insekt,Typical,Chamaeleon,Reptil,1,tc,210.788834332636,1566
1,Vogel,Saeugetier,Typical,Pferd,Saeugetier,1,tc,-76.8327049761992,1030
1,Vogel,Insekt,Atypical,Schmetterling,Insekt,1,ac,-71.3338407719766,1943
1,Fisch,Saeugetier,Typical,Hai,Fisch,1,tc,97.7269446847738,4142
1,Amphibie,Reptil,Typical,Klapperschlange,Amphibie,0,tf,210.367342732987,3790
1,Reptil,Vogel,Typical,Falke,Vogel,1,tc,-154.12214031871,1387
1,Fisch,Saeugetier,Atypical,Wal,Saeugetier,1,ac,84.5308057352279,1014
1,Saeugetier,Vogel,Atypical,Fledermaus,Saeugetier,1,ac,162.908665023392,2381
1,Fisch,Saeugetier,Typical,Lachs,Fisch,1,tc,276.245465996443,1086
1,Fisch,Amphibie,Typical,Goldfisch,Fisch,1,tc,237.490664867243,1546
1,Insekt,Saeugetier,Typical,Hund,Saeugetier,1,tc,-66.7888413495037,1044
2,Saeugetier,Reptil,Typical,Katze,Saeugetier,1,tc,96.0286172334278,1328
2,Vogel,Fisch,Atypical,Pinguin,Vogel,1,ac,31.9075637394367,1344
2,Insekt,Vogel,Atypical,Schmetterling,Insekt,1,ac,984.891029998315,1351
2,Saeugetier,Vogel,Typical,Spatz,Vogel,1,tc,-37.8973452916013,1199
2,Vogel,Reptil,Typical,Falke,Vogel,1,tc,664.9159301368,1768
2,Reptil,Fisch,Atypical,Aal,Fisch,1,ac,-38.0769037438145,1183
2,Saeugetier,Insekt,Typical,Hund,Saeugetier,1,tc,-17.6632305551113,800
2,Reptil,Amphibie,Typical,Klapperschlange,Reptil,1,tc,78.4611408188977,1288
2,Saeugetier,Vogel,Atypical,Fledermaus,Saeugetier,1,ac,-64.8900487041498,1336
2,Amphibie,Fisch,Typical,Goldfisch,Fisch,1,tc,-56.6490806905213,1111
2,Saeugetier,Fisch,Typical,Loewe,Saeugetier,1,tc,26.9371356954101,1144
2,Fisch,Saeugetier,Typical,Hai,Fisch,1,tc,34.6351506069221,1320
2,Saeugetier,Reptil,Typical,Kaninchen,Saeugetier,1,tc,193.293691100604,1103
2,Fisch,Saeugetier,Typical,Lachs,Fisch,1,tc,-17.4975586109613,1240
2,Saeugetier,Vogel,Typical,Pferd,Saeugetier,1,tc,65.986864426292,817
2,Fisch,Saeugetier,Atypical,Wal,Saeugetier,1,ac,1019.04901791544,1488
2,Insekt,Reptil,Typical,Chamaeleon,Reptil,1,tc,-144.974237311963,1579
2,Fisch,Saeugetier,Atypical,Seeloewe,Saeugetier,1,ac,-109.672778107785,3056
2,Reptil,Saeugetier,Typical,Alligator,Reptil,1,tc,-91.8478934850783,1384
3,Saeugetier,Vogel,Typical,Spatz,Vogel,1,tc,617.808402724669,1616
3,Insekt,Saeugetier,Typical,Hund,Saeugetier,1,tc,44.6464788522387,1319
3,Fisch,Saeugetier,Atypical,Wal,Saeugetier,1,ac,605.776616567701,1920
3,Saeugetier,Vogel,Typical,Pferd,Saeugetier,1,tc,-72.3814727258099,1385
3,Vogel,Insekt,Atypical,Schmetterling,Insekt,1,ac,45.533304950415,1559
3,Vogel,Saeugetier,Atypical,Fledermaus,Saeugetier,1,ac,798.636120624614,1719
3,Reptil,Saeugetier,Typical,Alligator,Reptil,1,tc,972.266022133284,1801
3,Vogel,Reptil,Typical,Falke,Vogel,1,tc,878.116871031095,1816
3,Reptil,Insekt,Typical,Chamaeleon,Reptil,1,tc,792.4956616279,1896
3,Reptil,Saeugetier,Typical,Kaninchen,Saeugetier,1,tc,141.337896499039,1184
3,Fisch,Vogel,Atypical,Pinguin,Vogel,1,ac,686.621671381279,2440
3,Saeugetier,Reptil,Typical,Katze,Saeugetier,1,tc,849.020975127799,1487
3,Fisch,Saeugetier,Typical,Loewe,Saeugetier,1,tc,58.0605440066144,1240
3,Saeugetier,Fisch,Atypical,Seeloewe,Saeugetier,1,ac,972.446327325605,3288
3,Saeugetier,Fisch,Typical,Hai,Saeugetier,0,tf,799.804280344358,1535
3,Reptil,Fisch,Atypical,Aal,Fisch,1,ac,-126.143002107245,1392
3,Saeugetier,Fisch,Typical,Lachs,Fisch,1,tc,47.0348293622632,1544
3,Reptil,Amphibie,Typical,Klapperschlange,Reptil,1,tc,-419.169966955438,2159
3,Amphibie,Fisch,Typical,Goldfisch,Fisch,1,tc,-72.6989598560643,1416
4,Saeugetier,Reptil,Typical,Katze,Saeugetier,1,tc,131.560791972469,1208
4,Vogel,Saeugetier,Atypical,Fledermaus,Saeugetier,1,ac,865.890030500552,2088
4,Saeugetier,Reptil,Typical,Kaninchen,Saeugetier,1,tc,189.26708997449,1216
4,Vogel,Saeugetier,Typical,Spatz,Vogel,1,tc,109.635375233047,1096
4,Fisch,Saeugetier,Typical,Loewe,Saeugetier,1,tc,245.814037393776,1048
4,Saeugetier,Insekt,Typical,Hund,Saeugetier,1,tc,179.250089162452,977
4,Saeugetier,Fisch,Atypical,Wal,Saeugetier,1,ac,922.150993096728,1992
4,Reptil,Saeugetier,Typical,Alligator,Reptil,1,tc,172.847022875496,1192
4,Reptil,Fisch,Atypical,Aal,Fisch,1,ac,1033.93680381985,1601
4,Fisch,Saeugetier,Typical,Lachs,Fisch,1,tc,187.297697819549,1072
4,Fisch,Amphibie,Typical,Goldfisch,Fisch,1,tc,120.081676902952,952
4,Reptil,Vogel,Typical,Falke,Vogel,1,tc,1015.25190242587,1296
4,Vogel,Saeugetier,Typical,Pferd,Saeugetier,1,tc,464.142596077579,1191
4,Reptil,Insekt,Typical,Chamaeleon,Reptil,1,tc,-87.4058866123076,1144
4,Vogel,Insekt,Atypical,Schmetterling,Insekt,1,ac,240.200158955457,1456
4,Reptil,Amphibie,Typical,Klapperschlange,Reptil,1,tc,910.515034358701,2495
4,Saeugetier,Fisch,Atypical,Seeloewe,Saeugetier,1,ac,674.082156904556,1488
4,Fisch,Saeugetier,Typical,Hai,Fisch,1,tc,271.192569566316,1873
4,Fisch,Vogel,Atypical,Pinguin,Fisch,0,af,116.916877887146,1479
5,Saeugetier,Vogel,Atypical,Fledermaus,Saeugetier,1,ac,728.028452761976,2504
5,Vogel,Saeugetier,Typical,Spatz,Vogel,1,tc,139.480968812678,2295
5,Amphibie,Fisch,Typical,Goldfisch,Fisch,1,tc,190.789853208993,2000
5,Fisch,Saeugetier,Typical,Loewe,Saeugetier,1,tc,173.995581867197,1849
5,Saeugetier,Reptil,Typical,Katze,Saeugetier,1,tc,105.752931918467,1710
5,Saeugetier,Reptil,Typical,Alligator,Reptil,1,tc,198.480340752572,1952
5,Fisch,Saeugetier,Atypical,Wal,Saeugetier,1,ac,550.098577263242,2199
5,Saeugetier,Fisch,Typical,Lachs,Fisch,1,tc,189.788519595372,2704
5,Vogel,Fisch,Atypical,Pinguin,Vogel,1,ac,882.63345951056,13416
5,Insekt,Saeugetier,Typical,Hund,Saeugetier,1,tc,31.016092312629,1551
5,Reptil,Insekt,Typical,Chamaeleon,Reptil,1,tc,341.936284571439,2663
5,Fisch,Reptil,Atypical,Aal,Fisch,1,ac,70.8921339636182,1776
5,Saeugetier,Reptil,Typical,Kaninchen,Saeugetier,1,tc,-112.995299447121,1767
5,Vogel,Saeugetier,Typical,Pferd,Saeugetier,1,tc,61.6634443954349,1751
5,Amphibie,Reptil,Typical,Klapperschlange,Reptil,1,tc,66.518436688022,1864
5,Vogel,Reptil,Typical,Falke,Vogel,1,tc,944.621642247121,4335
5,Saeugetier,Fisch,Typical,Hai,Fisch,1,tc,48.0310719658027,3256
5,Fisch,Saeugetier,Atypical,Seeloewe,Saeugetier,1,ac,-16.6318503041269,3055
5,Insekt,Vogel,Atypical,Schmetterling,Insekt,1,ac,114.39316094608,2847
6,Vogel,Insekt,Atypical,Schmetterling,Insekt,1,ac,464.899101792165,984
6,Saeugetier,Reptil,Typical,Katze,Saeugetier,1,tc,-7.85592097327533,823
6,Reptil,Insekt,Typical,Chamaeleon,Reptil,1,tc,938.394242097541,1472
6,Fisch,Amphibie,Typical,Goldfisch,Fisch,1,tc,-10.0220571527803,816
6,Saeugetier,Insekt,Typical,Hund,Saeugetier,1,tc,-48.481795110098,824
6,Saeugetier,Vogel,Atypical,Fledermaus,Saeugetier,1,ac,1093.63168218351,2199
6,Saeugetier,Vogel,Typical,Spatz,Vogel,1,tc,195.838038464692,952
6,Saeugetier,Fisch,Atypical,Seeloewe,Saeugetier,1,ac,111.777424530005,1200
6,Saeugetier,Vogel,Typical,Pferd,Saeugetier,1,tc,273.553033768658,952
6,Fisch,Vogel,Atypical,Pinguin,Vogel,1,ac,1076.2240259275,2088
6,Saeugetier,Fisch,Typical,Loewe,Saeugetier,1,tc,-84.836202707219,1168
6,Saeugetier,Reptil,Typical,Kaninchen,Saeugetier,1,tc,-38.1461831556558,920
6,Fisch,Saeugetier,Atypical,Wal,Saeugetier,1,ac,991.609126623881,1895
6,Saeugetier,Reptil,Typical,Alligator,Reptil,1,tc,-71.2060618874772,1536
6,Reptil,Fisch,Atypical,Aal,Fisch,1,ac,-45.5614387396529,1544
6,Saeugetier,Fisch,Typical,Hai,Fisch,1,tc,205.407537535481,1511
6,Reptil,Amphibie,Typical,Klapperschlange,Reptil,1,tc,1019.61532382234,5744
6,Vogel,Reptil,Typical,Falke,Vogel,1,tc,-61.9388840789425,1024
6,Fisch,Saeugetier,Typical,Lachs,Fisch,1,tc,-5.487592713362,1169
7,Insekt,Saeugetier,Typical,Hund,Saeugetier,1,tc,-35.4682341275701,1280
7,Fisch,Saeugetier,Typical,Loewe,Saeugetier,1,tc,544.107089763142,1352
7,Saeugetier,Vogel,Typical,Pferd,Saeugetier,1,tc,147.273568876867,1463
7,Amphibie,Fisch,Typical,Goldfisch,Fisch,1,tc,53.5824026303076,1088
7,Reptil,Saeugetier,Typical,Kaninchen,Saeugetier,1,tc,-61.865177914811,1103
7,Saeugetier,Vogel,Typical,Spatz,Vogel,1,tc,125.86108201662,944
7,Saeugetier,Fisch,Typical,Lachs,Fisch,1,tc,103.332220877043,912
7,Vogel,Fisch,Atypical,Pinguin,Vogel,1,ac,959.730883163016,3095
7,Reptil,Saeugetier,Typical,Katze,Saeugetier,1,tc,855.82410240439,1520
7,Reptil,Saeugetier,Typical,Alligator,Reptil,1,tc,281.211731669668,1240
7,Fisch,Reptil,Atypical,Aal,Fisch,1,ac,231.794897048,1080
7,Reptil,Insekt,Typical,Chamaeleon,Reptil,1,tc,74.827479366461,1120
7,Fisch,Saeugetier,Atypical,Seeloewe,Saeugetier,1,ac,-27.9113253650243,1416
7,Reptil,Amphibie,Typical,Klapperschlange,Reptil,1,tc,-90.7136262732642,2248
7,Saeugetier,Vogel,Atypical,Fledermaus,Saeugetier,1,ac,35.1520714769329,1489
7,Insekt,Vogel,Atypical,Schmetterling,Insekt,1,ac,724.227461103086,1560
7,Fisch,Saeugetier,Typical,Hai,Fisch,1,tc,582.420910910162,1577
7,Vogel,Reptil,Typical,Falke,Vogel,1,tc,68.8692372666255,1023
7,Fisch,Saeugetier,Atypical,Wal,Saeugetier,1,ac,877.028797781796,1896
8,Vogel,Fisch,Atypical,Pinguin,Vogel,1,ac,18.4112976875979,5167
8,Reptil,Amphibie,Typical,Klapperschlange,Reptil,1,tc,134.354909325112,3240
8,Vogel,Saeugetier,Atypical,Fledermaus,Vogel,0,af,51.7984458046485,2904
8,Saeugetier,Fisch,Atypical,Wal,Saeugetier,1,ac,73.9576501965602,1960
8,Insekt,Vogel,Atypical,Schmetterling,Insekt,1,ac,92.3762307702165,2672
8,Reptil,Saeugetier,Typical,Katze,Reptil,0,tf,846.167449835674,3295
8,Saeugetier,Vogel,Typical,Spatz,Vogel,1,tc,-77.9449470772385,1504
8,Reptil,Saeugetier,Typical,Kaninchen,Saeugetier,1,tc,989.53184357747,5504
8,Fisch,Saeugetier,Typical,Lachs,Fisch,1,tc,128.514216721818,1488
8,Saeugetier,Fisch,Typical,Loewe,Saeugetier,1,tc,-47.8119233537402,2568
8,Saeugetier,Reptil,Typical,Alligator,Reptil,1,tc,-29.1202632698484,2232
8,Vogel,Reptil,Typical,Falke,Vogel,1,tc,-24.8159089267242,1528
8,Saeugetier,Fisch,Typical,Hai,Fisch,1,tc,-57.5878505117085,2000
8,Saeugetier,Vogel,Typical,Pferd,Saeugetier,1,tc,37.0086287334807,1480
8,Insekt,Saeugetier,Typical,Hund,Saeugetier,1,tc,-40.6839758101611,1480
8,Reptil,Fisch,Atypical,Aal,Fisch,1,ac,-91.9719934724423,2192
8,Insekt,Reptil,Typical,Chamaeleon,Reptil,1,tc,-87.0528405641242,1919
8,Fisch,Saeugetier,Atypical,Seeloewe,Saeugetier,1,ac,-88.5770824838092,2408
8,Amphibie,Fisch,Typical,Goldfisch,Fisch,1,tc,716.468625388526,2024
9,Fisch,Amphibie,Typical,Goldfisch,Fisch,1,tc,74.2055008016265,896
9,Reptil,Saeugetier,Typical,Katze,Saeugetier,1,tc,39.6032685586239,1215
9,Reptil,Saeugetier,Typical,Alligator,Reptil,1,tc,96.356324689422,1088
9,Saeugetier,Vogel,Typical,Pferd,Saeugetier,1,tc,-123.424663129222,968
9,Insekt,Vogel,Atypical,Schmetterling,Insekt,1,ac,-106.376171184059,1576
9,Saeugetier,Fisch,Atypical,Wal,Fisch,0,af,421.153404601061,1511
9,Reptil,Insekt,Typical,Chamaeleon,Reptil,1,tc,146.480215082972,1272
9,Fisch,Saeugetier,Atypical,Seeloewe,Fisch,0,af,117.909930663308,2712
9,Fisch,Reptil,Atypical,Aal,Fisch,1,ac,-114.880009266746,1424
9,Fisch,Saeugetier,Typical,Hai,Saeugetier,0,tf,918.297662290786,3192
9,Vogel,Fisch,Atypical,Pinguin,Vogel,1,ac,48.2968793764153,2295
9,Amphibie,Reptil,Typical,Klapperschlange,Reptil,1,tc,996.342437282426,2705
9,Vogel,Reptil,Typical,Falke,Vogel,1,tc,-95.1719099164625,1280
9,Saeugetier,Vogel,Typical,Spatz,Vogel,1,tc,839.960231965233,1263
9,Fisch,Saeugetier,Typical,Loewe,Saeugetier,1,tc,976.064428753439,1825
9,Fisch,Saeugetier,Typical,Lachs,Fisch,1,tc,-252.282615776969,2520
9,Saeugetier,Reptil,Typical,Kaninchen,Saeugetier,1,tc,-87.3517123987724,1370
9,Saeugetier,Vogel,Atypical,Fledermaus,Vogel,0,af,762.952547116695,2889
9,Insekt,Saeugetier,Typical,Hund,Saeugetier,1,tc,220.641855229964,960
10,Fisch,Saeugetier,Typical,Hai,Fisch,1,tc,-85.3393310866969,1656
10,Saeugetier,Fisch,Typical,Loewe,Saeugetier,1,tc,667.708943117014,1479
10,Reptil,Amphibie,Typical,Klapperschlange,Reptil,1,tc,-54.1801455274015,1656
10,Fisch,Saeugetier,Atypical,Seeloewe,Saeugetier,1,ac,57.8781303087678,1616
10,Saeugetier,Vogel,Typical,Spatz,Vogel,1,tc,-35.2233510563153,1280
10,Reptil,Saeugetier,Typical,Alligator,Reptil,1,tc,199.482717694068,1368
10,Reptil,Fisch,Atypical,Aal,Fisch,1,ac,87.249436093694,1808
10,Fisch,Vogel,Atypical,Pinguin,Vogel,1,ac,67.3172711398705,1911
10,Insekt,Saeugetier,Typical,Hund,Saeugetier,1,tc,94.080931902077,1368
10,Fisch,Saeugetier,Typical,Lachs,Fisch,1,tc,123.246835261007,1112
10,Saeugetier,Reptil,Typical,Kaninchen,Saeugetier,1,tc,-23.3927652919831,1056
10,Saeugetier,Vogel,Typical,Pferd,Saeugetier,1,tc,-35.8275699436327,1064
10,Reptil,Vogel,Typical,Falke,Vogel,1,tc,150.20997802243,1088
10,Saeugetier,Reptil,Typical,Katze,Saeugetier,1,tc,65.5438233504,1120
10,Vogel,Insekt,Atypical,Schmetterling,Insekt,1,ac,271.273210761126,1520
10,Fisch,Amphibie,Typical,Goldfisch,Fisch,1,tc,64.45571152469,1344
10,Reptil,Insekt,Typical,Chamaeleon,Reptil,1,tc,63.7325882581543,1040
10,Saeugetier,Vogel,Atypical,Fledermaus,Saeugetier,1,ac,504.866205746351,1119
10,Saeugetier,Fisch,Atypical,Wal,Saeugetier,1,ac,585.084129059774,1360
11,Saeugetier,Fisch,Typical,Loewe,Saeugetier,1,tc,255.441791582929,1688
11,Insekt,Reptil,Typical,Chamaeleon,Reptil,1,tc,-40.2834274160808,2528
11,Saeugetier,Vogel,Typical,Spatz,Vogel,1,tc,611.269509747049,12432
11,Saeugetier,Reptil,Typical,Katze,Saeugetier,1,tc,-62.3106896882675,1639
11,Fisch,Saeugetier,Typical,Lachs,Fisch,1,tc,-61.1138557135736,1728
11,Reptil,Amphibie,Typical,Klapperschlange,Reptil,1,tc,-50.9670947450024,2463
11,Fisch,Saeugetier,Atypical,Seeloewe,Saeugetier,1,ac,843.773061343023,2928
11,Reptil,Vogel,Typical,Falke,Vogel,1,tc,591.526860260896,2903
11,Reptil,Saeugetier,Typical,Alligator,Reptil,1,tc,-113.411827608266,1464
11,Reptil,Fisch,Atypical,Aal,Fisch,1,ac,881.813197480275,6343
11,Fisch,Amphibie,Typical,Goldfisch,Fisch,1,tc,-97.872575677407,1464
11,Vogel,Fisch,Atypical,Pinguin,Vogel,1,ac,-111.165782587964,1944
11,Vogel,Saeugetier,Atypical,Fledermaus,Saeugetier,1,ac,150.701950091038,3025
11,Vogel,Insekt,Atypical,Schmetterling,Insekt,1,ac,542.125485351191,2072
11,Saeugetier,Fisch,Atypical,Wal,Saeugetier,1,ac,-202.561803757952,8073
11,Saeugetier,Vogel,Typical,Pferd,Saeugetier,1,tc,-79.512232530292,1768
11,Reptil,Saeugetier,Typical,Kaninchen,Saeugetier,1,tc,-41.0567758111815,1673
11,Saeugetier,Insekt,Typical,Hund,Saeugetier,1,tc,109.125049640861,1456
11,Saeugetier,Fisch,Typical,Hai,Fisch,1,tc,-155.064760516695,7728
12,Reptil,Saeugetier,Typical,Katze,Saeugetier,1,tc,-22.4753864466613,2320
12,Saeugetier,Reptil,Typical,Kaninchen,Saeugetier,1,tc,123.471473108014,1328
12,Saeugetier,Vogel,Typical,Spatz,Vogel,1,tc,22.3122260653442,1047
12,Fisch,Vogel,Atypical,Pinguin,Vogel,1,ac,460.446805010558,3024
12,Saeugetier,Insekt,Typical,Hund,Saeugetier,1,tc,51.4867281324205,1728
12,Fisch,Saeugetier,Typical,Hai,Fisch,1,tc,177.931544462202,1896
12,Reptil,Insekt,Typical,Chamaeleon,Reptil,1,tc,28.5370955117588,2112
12,Saeugetier,Vogel,Typical,Pferd,Saeugetier,1,tc,270.892311168498,1480
12,Reptil,Fisch,Atypical,Aal,Fisch,1,ac,-71.7020216574954,4488
12,Saeugetier,Fisch,Atypical,Seeloewe,Saeugetier,1,ac,-73.1101530062671,1633
12,Saeugetier,Fisch,Typical,Loewe,Saeugetier,1,tc,-22.4671114195406,816
12,Saeugetier,Fisch,Typical,Lachs,Fisch,1,tc,-77.2504081736398,1191
12,Vogel,Saeugetier,Atypical,Fledermaus,Vogel,0,af,911.462089497159,10136
12,Insekt,Vogel,Atypical,Schmetterling,Insekt,1,ac,157.791641361759,2056
12,Saeugetier,Reptil,Typical,Alligator,Reptil,1,tc,100.620901344071,1744
12,Amphibie,Reptil,Typical,Klapperschlange,Amphibie,0,tf,915.298756433447,5807
12,Fisch,Saeugetier,Atypical,Wal,Saeugetier,1,ac,1181.75136480648,1584
12,Amphibie,Fisch,Typical,Goldfisch,Fisch,1,tc,27.2104029918207,1209
12,Vogel,Reptil,Typical,Falke,Vogel,1,tc,-103.555085735394,2095
13,Saeugetier,Fisch,Atypical,Wal,Saeugetier,1,ac,838.573516679455,2561
13,Insekt,Reptil,Typical,Chamaeleon,Reptil,1,tc,234.066223890097,2272
13,Reptil,Fisch,Atypical,Aal,Fisch,1,ac,892.408232545698,4351
13,Saeugetier,Reptil,Typical,Katze,Saeugetier,1,tc,305.495609566341,1584
13,Saeugetier,Vogel,Typical,Spatz,Vogel,1,tc,-147.955873329957,1736
13,Amphibie,Fisch,Typical,Goldfisch,Fisch,1,tc,96.9302227704143,1759
13,Fisch,Saeugetier,Typical,Loewe,Saeugetier,1,tc,-55.5566147763522,1240
13,Fisch,Saeugetier,Typical,Hai,Fisch,1,tc,157.155918652334,2744
13,Saeugetier,Insekt,Typical,Hund,Saeugetier,1,tc,133.411464324172,1176
13,Vogel,Insekt,Atypical,Schmetterling,Insekt,1,ac,95.1820037547346,1728
13,Fisch,Saeugetier,Atypical,Seeloewe,Saeugetier,1,ac,104.655280116246,1888
13,Reptil,Amphibie,Typical,Klapperschlange,Reptil,1,tc,945.706255806716,3784
13,Saeugetier,Vogel,Typical,Pferd,Saeugetier,1,tc,-139.937653694125,1464
13,Reptil,Vogel,Typical,Falke,Vogel,1,tc,208.477470755782,1304
13,Vogel,Saeugetier,Atypical,Fledermaus,Saeugetier,1,ac,299.570555156773,2703
13,Fisch,Vogel,Atypical,Pinguin,Vogel,1,ac,-51.8314511884407,1888
13,Reptil,Saeugetier,Typical,Alligator,Reptil,1,tc,205.692305342287,2688
13,Fisch,Saeugetier,Typical,Lachs,Fisch,1,tc,103.67378104818,1711
13,Reptil,Saeugetier,Typical,Kaninchen,Saeugetier,1,tc,92.5525038774507,1496
14,Reptil,Amphibie,Typical,Klapperschlange,Reptil,1,tc,194.497585931182,2304
14,Fisch,Saeugetier,Typical,Lachs,Fisch,1,tc,207.107340773932,2256
14,Fisch,Amphibie,Typical,Goldfisch,Fisch,1,tc,47.0062268838253,1319
14,Fisch,Saeugetier,Typical,Loewe,Saeugetier,1,tc,-38.4740545904591,1248
14,Saeugetier,Reptil,Typical,Katze,Reptil,0,tf,62.5589699905415,1176
14,Vogel,Reptil,Typical,Falke,Vogel,1,tc,126.289261495847,1697
14,Reptil,Saeugetier,Typical,Kaninchen,Saeugetier,1,tc,900.533135097107,2864
14,Vogel,Saeugetier,Atypical,Fledermaus,Saeugetier,1,ac,788.849801834829,2408
14,Saeugetier,Insekt,Typical,Hund,Saeugetier,1,tc,405.624297321,2015
14,Saeugetier,Vogel,Typical,Spatz,Vogel,1,tc,-40.970988789048,1632
14,Vogel,Saeugetier,Typical,Pferd,Saeugetier,1,tc,256.750857325949,1680
14,Reptil,Fisch,Atypical,Aal,Reptil,0,af,206.498202732651,1401
14,Fisch,Saeugetier,Atypical,Wal,Saeugetier,1,ac,865.642572887337,2167
14,Saeugetier,Fisch,Atypical,Seeloewe,Saeugetier,1,ac,-98.6714836944264,1872
14,Insekt,Reptil,Typical,Chamaeleon,Reptil,1,tc,30.4321561580962,1697
14,Fisch,Saeugetier,Typical,Hai,Fisch,1,tc,58.4976185543627,2240
14,Saeugetier,Reptil,Typical,Alligator,Reptil,1,tc,199.823064664052,1912
14,Vogel,Insekt,Atypical,Schmetterling,Insekt,1,ac,906.67739794432,3177
14,Vogel,Fisch,Atypical,Pinguin,Vogel,1,ac,49.2117222061402,1671
15,Saeugetier,Vogel,Typical,Spatz,Vogel,1,tc,27.2613624123785,1760
15,Saeugetier,Reptil,Typical,Katze,Saeugetier,1,tc,101.009482525846,1168
15,Saeugetier,Fisch,Atypical,Wal,Saeugetier,1,ac,1015.19165307456,4065
15,Saeugetier,Vogel,Typical,Pferd,Saeugetier,1,tc,213.702063834167,1768
15,Saeugetier,Fisch,Atypical,Seeloewe,Fisch,0,af,45.7364823803525,2168
15,Fisch,Saeugetier,Typical,Loewe,Saeugetier,1,tc,36.9971167741027,1330
15,Reptil,Insekt,Typical,Chamaeleon,Reptil,1,tc,205.995127972147,1768
15,Reptil,Amphibie,Typical,Klapperschlange,Reptil,1,tc,923.91560139674,3599
15,Reptil,Saeugetier,Typical,Kaninchen,Saeugetier,1,tc,161.650577988838,1160
15,Fisch,Saeugetier,Typical,Lachs,Fisch,1,tc,97.1514021355344,1184
15,Vogel,Fisch,Atypical,Pinguin,Fisch,0,af,712.62963629363,3696
15,Fisch,Amphibie,Typical,Goldfisch,Fisch,1,tc,81.153092363522,1176
15,Fisch,Reptil,Atypical,Aal,Fisch,1,ac,73.5327574424377,2168
15,Saeugetier,Reptil,Typical,Alligator,Reptil,1,tc,32.6562745322076,1720
15,Saeugetier,Fisch,Typical,Hai,Fisch,1,tc,82.9808201028128,1352
15,Insekt,Vogel,Atypical,Schmetterling,Insekt,1,ac,25.8155897544998,2896
15,Saeugetier,Vogel,Atypical,Fledermaus,Saeugetier,1,ac,-36.4694653199902,2440
15,Reptil,Vogel,Typical,Falke,Vogel,1,tc,108.934746950503,1288
15,Insekt,Saeugetier,Typical,Hund,Saeugetier,1,tc,768.989232889011,1416
16,Saeugetier,Reptil,Typical,Katze,Saeugetier,1,tc,525.267283878892,3799
16,Saeugetier,Vogel,Typical,Spatz,Vogel,1,tc,125.189640899632,2463
16,Saeugetier,Vogel,Typical,Pferd,Saeugetier,1,tc,951.059546161522,2473
16,Saeugetier,Insekt,Typical,Hund,Saeugetier,1,tc,46.7435433135111,1495
16,Saeugetier,Fisch,Typical,Hai,Fisch,1,tc,316.261916213013,2408
16,Vogel,Reptil,Typical,Falke,Reptil,0,tf,853.590696499949,2897
16,Reptil,Insekt,Typical,Chamaeleon,Reptil,1,tc,-60.25516033425,1823
16,Saeugetier,Vogel,Atypical,Fledermaus,Saeugetier,1,ac,905.566197255304,3145
16,Amphibie,Reptil,Typical,Klapperschlange,Reptil,1,tc,-157.922678806134,3240
16,Vogel,Insekt,Atypical,Schmetterling,Insekt,1,ac,370.726630855353,2071
16,Reptil,Saeugetier,Typical,Alligator,Reptil,1,tc,-120.614897451736,1600
16,Fisch,Saeugetier,Atypical,Wal,Fisch,0,af,842.212139069312,7207
16,Fisch,Saeugetier,Atypical,Seeloewe,Fisch,0,af,466.096244117606,4489
16,Vogel,Fisch,Atypical,Pinguin,Vogel,1,ac,50.612090990979,1704
16,Fisch,Reptil,Atypical,Aal,Reptil,0,af,917.752311358721,3543
16,Fisch,Saeugetier,Typical,Loewe,Saeugetier,1,tc,874.671296607459,1681
16,Fisch,Amphibie,Typical,Goldfisch,Fisch,1,tc,-70.7722644195663,3575
16,Reptil,Saeugetier,Typical,Kaninchen,Saeugetier,1,tc,-80.7610040949255,2415
16,Saeugetier,Fisch,Typical,Lachs,Fisch,1,tc,655.190295450367,1488
17,Saeugetier,Fisch,Typical,Loewe,Saeugetier,1,tc,-180.803996494864,1720
17,Saeugetier,Vogel,Atypical,Fledermaus,Saeugetier,1,ac,74.346035277324,2472
17,Fisch,Saeugetier,Typical,Lachs,Fisch,1,tc,63.0831386033477,1192
17,Saeugetier,Fisch,Atypical,Seeloewe,Saeugetier,1,ac,-49.2544628666957,2064
17,Reptil,Fisch,Atypical,Aal,Fisch,1,ac,154.273075202975,4600
17,Reptil,Insekt,Typical,Chamaeleon,Reptil,1,tc,-142.05097112767,2191
17,Reptil,Saeugetier,Typical,Alligator,Reptil,1,tc,63.9755263442122,1512
17,Reptil,Saeugetier,Typical,Kaninchen,Saeugetier,1,tc,309.796384614412,1424
17,Amphibie,Fisch,Typical,Goldfisch,Fisch,1,tc,332.018035226593,1520
17,Vogel,Saeugetier,Typical,Pferd,Saeugetier,1,tc,124.800304026448,1639
17,Vogel,Insekt,Atypical,Schmetterling,Insekt,1,ac,232.372743648835,2072
17,Vogel,Reptil,Typical,Falke,Vogel,1,tc,118.838340807565,4264
17,Vogel,Fisch,Atypical,Pinguin,Vogel,1,ac,82.1015895438922,2832
17,Saeugetier,Fisch,Atypical,Wal,Saeugetier,1,ac,49.8977881090173,1440
17,Reptil,Saeugetier,Typical,Katze,Saeugetier,1,tc,91.0788791106188,992
17,Reptil,Amphibie,Typical,Klapperschlange,Amphibie,0,tf,46.1080388319409,3992
17,Saeugetier,Insekt,Typical,Hund,Saeugetier,1,tc,533.087758926579,1376
17,Vogel,Saeugetier,Typical,Spatz,Vogel,1,tc,98.7789420572686,1504
17,Saeugetier,Fisch,Typical,Hai,Fisch,1,tc,349.437973795251,1488
18,Insekt,Saeugetier,Typical,Hund,Saeugetier,1,tc,117.442289352202,1336
18,Fisch,Saeugetier,Typical,Lachs,Fisch,1,tc,387.574980873309,1304
18,Reptil,Fisch,Atypical,Aal,Fisch,1,ac,836.095018890543,1456
18,Amphibie,Reptil,Typical,Klapperschlange,Reptil,1,tc,951.03635338065,2303
18,Saeugetier,Reptil,Typical,Alligator,Reptil,1,tc,149.166727810188,1552
18,Vogel,Saeugetier,Typical,Spatz,Vogel,1,tc,497.968534180355,1632
18,Reptil,Vogel,Typical,Falke,Vogel,1,tc,85.9951574358202,1391
18,Reptil,Insekt,Typical,Chamaeleon,Reptil,1,tc,144.59016348819,2024
18,Fisch,Saeugetier,Typical,Hai,Saeugetier,0,tf,940.209868215693,5847
18,Saeugetier,Vogel,Typical,Pferd,Saeugetier,1,tc,997.540832722996,1808
18,Fisch,Saeugetier,Atypical,Seeloewe,Saeugetier,1,ac,-40.0725107639008,1608
18,Fisch,Saeugetier,Typical,Loewe,Saeugetier,1,tc,-78.2925423197681,1127
18,Reptil,Saeugetier,Typical,Kaninchen,Saeugetier,1,tc,-62.8347333090789,1504
18,Fisch,Vogel,Atypical,Pinguin,Vogel,1,ac,-44.6677438153449,2128
18,Saeugetier,Reptil,Typical,Katze,Saeugetier,1,tc,55.6355621485621,1048
18,Amphibie,Fisch,Typical,Goldfisch,Fisch,1,tc,-122.631924392893,977
18,Saeugetier,Vogel,Atypical,Fledermaus,Saeugetier,1,ac,997.891321737953,3624
18,Fisch,Saeugetier,Atypical,Wal,Saeugetier,1,ac,-95.9750735012987,1159
18,Vogel,Insekt,Atypical,Schmetterling,Insekt,1,ac,-66.3395916365509,1905
19,Saeugetier,Fisch,Typical,Lachs,Fisch,1,tc,15.783149123749,1263
19,Reptil,Amphibie,Typical,Klapperschlange,Reptil,1,tc,927.862151319844,3480
19,Vogel,Saeugetier,Atypical,Fledermaus,Saeugetier,1,ac,36.9628311068434,1863
19,Saeugetier,Fisch,Atypical,Seeloewe,Saeugetier,1,ac,-121.813645937504,1792
19,Fisch,Vogel,Atypical,Pinguin,Vogel,1,ac,65.5394708399059,1136
19,Vogel,Saeugetier,Typical,Pferd,Saeugetier,1,tc,77.6379890251889,1200
19,Fisch,Saeugetier,Typical,Hai,Saeugetier,0,tf,617.404468227377,3272
19,Reptil,Saeugetier,Typical,Kaninchen,Saeugetier,1,tc,-31.2245858155125,1144
19,Fisch,Reptil,Atypical,Aal,Fisch,1,ac,-76.4130745198113,1224
19,Fisch,Amphibie,Typical,Goldfisch,Fisch,1,tc,-93.5429498673924,1231
19,Reptil,Saeugetier,Typical,Katze,Saeugetier,1,tc,87.7465711791726,1448
19,Reptil,Insekt,Typical,Chamaeleon,Reptil,1,tc,53.3357743882233,1120
19,Reptil,Saeugetier,Typical,Alligator,Reptil,1,tc,18.4378528440929,1679
19,Vogel,Insekt,Atypical,Schmetterling,Insekt,1,ac,20.5356620990316,1424
19,Fisch,Saeugetier,Typical,Loewe,Saeugetier,1,tc,14.8577129927245,1496
19,Fisch,Saeugetier,Atypical,Wal,Saeugetier,1,ac,838.990080915377,3631
19,Insekt,Saeugetier,Typical,Hund,Saeugetier,1,tc,-51.6199627814411,1171
19,Saeugetier,Vogel,Typical,Spatz,Vogel,1,tc,55.8950921253457,1303
19,Vogel,Reptil,Typical,Falke,Vogel,1,tc,-93.3670051303947,1096
20,Reptil,Saeugetier,Typical,Katze,Saeugetier,1,tc,186.174793541547,1224
20,Saeugetier,Insekt,Typical,Hund,Saeugetier,1,tc,-121.36467866328,1151
20,Saeugetier,Fisch,Typical,Lachs,Fisch,1,tc,626.256692191373,1272
20,Reptil,Insekt,Typical,Chamaeleon,Reptil,1,tc,-87.057681705776,1352
20,Saeugetier,Vogel,Typical,Pferd,Saeugetier,1,tc,52.9671600449504,1175
20,Fisch,Vogel,Atypical,Pinguin,Vogel,1,ac,-54.6763402125237,1472
20,Insekt,Vogel,Atypical,Schmetterling,Insekt,1,ac,620.934860811389,1464
20,Vogel,Saeugetier,Atypical,Fledermaus,Saeugetier,1,ac,-104.95373422941,2456
20,Fisch,Reptil,Atypical,Aal,Fisch,1,ac,-41.84587515402,1272
20,Fisch,Saeugetier,Typical,Hai,Fisch,1,tc,991.841197576965,2384
20,Fisch,Amphibie,Typical,Goldfisch,Fisch,1,tc,-150.363461204929,1519
20,Reptil,Saeugetier,Typical,Kaninchen,Saeugetier,1,tc,-51.4886756118056,1120
20,Saeugetier,Fisch,Atypical,Wal,Saeugetier,1,ac,-53.3523082743543,1304
20,Reptil,Amphibie,Typical,Klapperschlange,Reptil,1,tc,-60.7841429420126,2023
20,Reptil,Saeugetier,Typical,Alligator,Reptil,1,tc,-48.2936013008504,1352
20,Saeugetier,Fisch,Typical,Loewe,Saeugetier,1,tc,94.3357635870451,1040
20,Saeugetier,Vogel,Typical,Spatz,Vogel,1,tc,-42.3962852283235,1135
20,Saeugetier,Fisch,Atypical,Seeloewe,Saeugetier,1,ac,921.553193802552,1695
20,Reptil,Vogel,Typical,Falke,Vogel,1,tc,-44.9369776764682,1376
21,Amphibie,Fisch,Typical,Goldfisch,Fisch,1,tc,-58.877780939806,1320
21,Reptil,Insekt,Typical,Chamaeleon,Reptil,1,tc,48.7285672847349,1592
21,Fisch,Saeugetier,Typical,Hai,Fisch,1,tc,1007.55757071181,1944
21,Saeugetier,Fisch,Atypical,Seeloewe,Saeugetier,1,ac,23.7313956235969,2416
21,Reptil,Saeugetier,Typical,Katze,Saeugetier,1,tc,381.899620154062,2616
21,Vogel,Saeugetier,Atypical,Fledermaus,Saeugetier,1,ac,129.952504631429,1816
21,Insekt,Saeugetier,Typical,Hund,Saeugetier,1,tc,-37.69331265757,1280
21,Reptil,Fisch,Atypical,Aal,Fisch,1,ac,991.842707837785,3520
21,Vogel,Saeugetier,Typical,Spatz,Vogel,1,tc,1091.54018160749,4016
21,Saeugetier,Reptil,Typical,Alligator,Reptil,1,tc,59.158727344483,1696
21,Fisch,Saeugetier,Atypical,Wal,Saeugetier,1,ac,843.413410399025,1591
21,Saeugetier,Fisch,Typical,Lachs,Fisch,1,tc,-45.6650941775269,2409
21,Saeugetier,Fisch,Typical,Loewe,Saeugetier,1,tc,1171.20032913529,1832
21,Vogel,Reptil,Typical,Falke,Vogel,1,tc,901.78442878276,3583
21,Saeugetier,Reptil,Typical,Kaninchen,Saeugetier,1,tc,-96.9797905705969,1689
21,Insekt,Vogel,Atypical,Schmetterling,Insekt,1,ac,1009.59676241696,1576
21,Reptil,Amphibie,Typical,Klapperschlange,Amphibie,0,tf,67.2144422788319,2159
21,Fisch,Vogel,Atypical,Pinguin,Vogel,1,ac,977.507431013903,3224
21,Vogel,Saeugetier,Typical,Pferd,Saeugetier,1,tc,73.6810694819233,1127
22,Vogel,Saeugetier,Typical,Pferd,Saeugetier,1,tc,92.2728720443016,1192
22,Reptil,Saeugetier,Typical,Alligator,Reptil,1,tc,167.879206940932,1392
22,Saeugetier,Insekt,Typical,Hund,Saeugetier,1,tc,54.5091068120177,960
22,Saeugetier,Fisch,Atypical,Wal,Fisch,0,af,62.4394738995307,1008
22,Fisch,Reptil,Atypical,Aal,Fisch,1,ac,138.491970067567,1264
22,Vogel,Fisch,Atypical,Pinguin,Vogel,1,ac,106.403455626946,2000
22,Reptil,Insekt,Typical,Chamaeleon,Reptil,1,tc,87.9977041188653,2104
22,Reptil,Amphibie,Typical,Klapperschlange,Reptil,1,tc,76.7488225719153,1296
22,Vogel,Insekt,Atypical,Schmetterling,Insekt,1,ac,-57.122758182652,1808
22,Fisch,Saeugetier,Typical,Hai,Fisch,1,tc,48.1458869577838,1720
22,Fisch,Saeugetier,Typical,Loewe,Saeugetier,1,tc,942.794231940934,1256
22,Vogel,Reptil,Typical,Falke,Vogel,1,tc,166.503210021628,1368
22,Saeugetier,Fisch,Atypical,Seeloewe,Saeugetier,1,ac,745.399602640461,4287
22,Vogel,Saeugetier,Atypical,Fledermaus,Vogel,0,af,1092.90398569647,7225
22,Saeugetier,Vogel,Typical,Spatz,Vogel,1,tc,360.031744865864,1479
22,Fisch,Amphibie,Typical,Goldfisch,Fisch,1,tc,-94.3881296921304,1840
22,Reptil,Saeugetier,Typical,Kaninchen,Saeugetier,1,tc,-81.6680593189404,1417
22,Fisch,Saeugetier,Typical,Lachs,Fisch,1,tc,24.478206612363,912
22,Saeugetier,Reptil,Typical,Katze,Saeugetier,1,tc,145.143018095622,1007
23,Fisch,Saeugetier,Atypical,Wal,Saeugetier,1,ac,611.091964400661,2137
23,Fisch,Saeugetier,Typical,Lachs,Fisch,1,tc,-82.8877375948054,1776
23,Fisch,Saeugetier,Typical,Loewe,Saeugetier,1,tc,680.362397340198,1584
23,Insekt,Vogel,Atypical,Schmetterling,Insekt,1,ac,253.780917097372,1696
23,Fisch,Reptil,Atypical,Aal,Fisch,1,ac,99.5863608479271,1200
23,Amphibie,Fisch,Typical,Goldfisch,Fisch,1,tc,666.462086899226,1535
23,Vogel,Saeugetier,Atypical,Fledermaus,Saeugetier,1,ac,785.735616197895,1856
23,Amphibie,Reptil,Typical,Klapperschlange,Reptil,1,tc,80.2431931844783,2024
23,Saeugetier,Reptil,Typical,Kaninchen,Saeugetier,1,tc,150.92178334534,1640
23,Reptil,Saeugetier,Typical,Katze,Saeugetier,1,tc,533.80475157982,1648
23,Reptil,Saeugetier,Typical,Alligator,Reptil,1,tc,97.9835211922507,1301
23,Reptil,Insekt,Typical,Chamaeleon,Reptil,1,tc,173.594412778412,1439
23,Fisch,Saeugetier,Typical,Hai,Fisch,1,tc,160.710667246733,2440
23,Saeugetier,Insekt,Typical,Hund,Saeugetier,1,tc,-40.5100896777574,1720
23,Vogel,Saeugetier,Typical,Pferd,Saeugetier,1,tc,245.597382367172,1344
23,Vogel,Fisch,Atypical,Pinguin,Vogel,1,ac,124.894650192353,1320
23,Saeugetier,Fisch,Atypical,Seeloewe,Saeugetier,1,ac,340.093358883226,1968
23,Saeugetier,Vogel,Typical,Spatz,Vogel,1,tc,538.82761540782,1703
23,Reptil,Vogel,Typical,Falke,Vogel,1,tc,756.990732474218,1448
24,Reptil,Saeugetier,Typical,Kaninchen,Saeugetier,1,tc,-35.216460754374,2503
24,Reptil,Fisch,Atypical,Aal,Fisch,1,ac,35.9708561753892,2256
24,Fisch,Saeugetier,Typical,Hai,Fisch,1,tc,142.216939628744,3064
24,Reptil,Amphibie,Typical,Klapperschlange,Reptil,1,tc,81.9397599443212,4960
24,Insekt,Reptil,Typical,Chamaeleon,Reptil,1,tc,70.7993497945925,2416
24,Insekt,Vogel,Atypical,Schmetterling,Insekt,1,ac,65.9260460391046,1960
24,Vogel,Saeugetier,Atypical,Fledermaus,Saeugetier,1,ac,-17.8882646803288,3392
24,Reptil,Vogel,Typical,Falke,Vogel,1,tc,-37.5811178872018,2311
24,Saeugetier,Fisch,Atypical,Seeloewe,Saeugetier,1,ac,793.246578757979,8688
24,Saeugetier,Reptil,Typical,Alligator,Reptil,1,tc,101.866676861234,2791
24,Saeugetier,Vogel,Typical,Spatz,Vogel,1,tc,-51.4715381006242,1624
24,Saeugetier,Fisch,Typical,Loewe,Saeugetier,1,tc,40.3874692094455,1144
24,Saeugetier,Insekt,Typical,Hund,Saeugetier,1,tc,118.817959286311,1991
24,Fisch,Saeugetier,Typical,Lachs,Fisch,1,tc,144.462034476118,3272
24,Fisch,Vogel,Atypical,Pinguin,Vogel,1,ac,295.173244258739,6272
24,Saeugetier,Fisch,Atypical,Wal,Saeugetier,1,ac,501.486952477629,5784
24,Fisch,Amphibie,Typical,Goldfisch,Fisch,1,tc,977.485895847303,2895
24,Saeugetier,Reptil,Typical,Katze,Saeugetier,1,tc,52.5426153540121,1136
24,Saeugetier,Vogel,Typical,Pferd,Saeugetier,1,tc,103.223541959474,1472
25,Fisch,Saeugetier,Atypical,Wal,Saeugetier,1,ac,908.910686111973,2184
25,Insekt,Saeugetier,Typical,Hund,Saeugetier,1,tc,240.04232504605,1632
25,Saeugetier,Fisch,Atypical,Seeloewe,Fisch,0,af,32.6802430841275,2312
25,Fisch,Saeugetier,Typical,Lachs,Fisch,1,tc,82.6143051539957,1512
25,Saeugetier,Reptil,Typical,Kaninchen,Saeugetier,1,tc,188.055739811184,2209
25,Reptil,Amphibie,Typical,Klapperschlange,Reptil,1,tc,-36.2193323115006,2064
25,Reptil,Vogel,Typical,Falke,Vogel,1,tc,121.328254473346,1768
25,Vogel,Fisch,Atypical,Pinguin,Vogel,1,ac,1228.93052457236,2633
25,Saeugetier,Reptil,Typical,Alligator,Reptil,1,tc,844.929714681402,2631
25,Vogel,Insekt,Atypical,Schmetterling,Insekt,1,ac,54.6863888027318,2216
25,Fisch,Reptil,Atypical,Aal,Fisch,1,ac,48.2329141521735,1896
25,Saeugetier,Vogel,Typical,Spatz,Vogel,1,tc,217.411296779886,1576
25,Reptil,Insekt,Typical,Chamaeleon,Reptil,1,tc,509.562992069139,3136
25,Amphibie,Fisch,Typical,Goldfisch,Fisch,1,tc,-46.4176649937988,1296
25,Saeugetier,Vogel,Atypical,Fledermaus,Vogel,0,af,604.044382593829,3352
25,Fisch,Saeugetier,Typical,Loewe,Saeugetier,1,tc,196.761098849116,1552
25,Vogel,Saeugetier,Typical,Pferd,Saeugetier,1,tc,498.20913711084,1887
25,Reptil,Saeugetier,Typical,Katze,Saeugetier,1,tc,-112.035653718397,1272
25,Fisch,Saeugetier,Typical,Hai,Fisch,1,tc,18.789841972482,1232
26,Reptil,Saeugetier,Typical,Kaninchen,Saeugetier,1,tc,50.7942676098874,927
26,Reptil,Fisch,Atypical,Aal,Fisch,1,ac,381.172903423899,1200
26,Fisch,Saeugetier,Typical,Loewe,Saeugetier,1,tc,954.306645063346,1240
26,Reptil,Amphibie,Typical,Klapperschlange,Amphibie,0,tf,789.581515976432,1984
26,Fisch,Saeugetier,Typical,Hai,Fisch,1,tc,-265.143979360762,1527
26,Saeugetier,Vogel,Typical,Pferd,Saeugetier,1,tc,-108.90827194585,1024
26,Vogel,Insekt,Atypical,Schmetterling,Insekt,1,ac,408.48051246734,1160
26,Fisch,Saeugetier,Atypical,Seeloewe,Saeugetier,1,ac,1011.26992823385,1623
26,Fisch,Vogel,Atypical,Pinguin,Vogel,1,ac,958.46617528499,2136
26,Insekt,Saeugetier,Typical,Hund,Saeugetier,1,tc,1143.90789348661,1256
26,Vogel,Saeugetier,Typical,Spatz,Vogel,1,tc,1215.04201777709,1823
26,Saeugetier,Reptil,Typical,Katze,Saeugetier,1,tc,28.3362087778684,1080
26,Reptil,Insekt,Typical,Chamaeleon,Reptil,1,tc,71.3207166529029,1159
26,Amphibie,Fisch,Typical,Goldfisch,Fisch,1,tc,-67.7849689505603,1248
26,Fisch,Saeugetier,Typical,Lachs,Fisch,1,tc,834.029891421788,1336
26,Reptil,Vogel,Typical,Falke,Vogel,1,tc,85.9594859105891,855
26,Fisch,Saeugetier,Atypical,Wal,Saeugetier,1,ac,144.905916788049,1248
26,Vogel,Saeugetier,Atypical,Fledermaus,Saeugetier,1,ac,-30.1508016407141,1104
26,Saeugetier,Reptil,Typical,Alligator,Reptil,1,tc,-72.5374107257911,1207
27,Saeugetier,Fisch,Typical,Hai,Fisch,1,tc,991.138733110058,1736
27,Fisch,Vogel,Atypical,Pinguin,Vogel,1,ac,640.184332729952,1336
27,Insekt,Reptil,Typical,Chamaeleon,Reptil,1,tc,-34.5072322399833,1152
27,Vogel,Saeugetier,Typical,Spatz,Vogel,1,tc,-27.4527542471454,1136
27,Reptil,Saeugetier,Typical,Kaninchen,Saeugetier,1,tc,39.3767042685578,1000
27,Saeugetier,Reptil,Typical,Alligator,Reptil,1,tc,-15.5255595907073,1192
27,Fisch,Amphibie,Typical,Goldfisch,Fisch,1,tc,-8.51389402352131,1080
27,Reptil,Vogel,Typical,Falke,Vogel,1,tc,31.763294912568,1000
27,Fisch,Saeugetier,Atypical,Seeloewe,Fisch,0,af,467.827074189307,1416
27,Saeugetier,Vogel,Atypical,Fledermaus,Vogel,0,af,76.5166631619093,1280
27,Vogel,Insekt,Atypical,Schmetterling,Insekt,1,ac,1009.65299981436,2184
27,Fisch,Saeugetier,Atypical,Wal,Saeugetier,1,ac,978.250837815844,1696
27,Saeugetier,Reptil,Typical,Katze,Saeugetier,1,tc,-75.552179176701,1208
27,Reptil,Amphibie,Typical,Klapperschlange,Amphibie,0,tf,966.497920041882,1864
27,Vogel,Saeugetier,Typical,Pferd,Saeugetier,1,tc,992.209658540951,1599
27,Fisch,Saeugetier,Typical,Lachs,Fisch,1,tc,-31.4196560102751,1120
27,Saeugetier,Insekt,Typical,Hund,Saeugetier,1,tc,1051.41009893983,1672
27,Saeugetier,Fisch,Typical,Loewe,Saeugetier,1,tc,760.773959477151,1463
27,Reptil,Fisch,Atypical,Aal,Fisch,1,ac,-35.2215175476026,1200
28,Vogel,Insekt,Atypical,Schmetterling,Insekt,1,ac,1026.94438520557,1958
28,Saeugetier,Insekt,Typical,Hund,Saeugetier,1,tc,-87.2370163165763,1790
28,Fisch,Saeugetier,Typical,Loewe,Saeugetier,1,tc,-43.9800995393582,1366
28,Vogel,Saeugetier,Atypical,Fledermaus,Vogel,0,af,69.3627865928262,1974
28,Fisch,Amphibie,Typical,Goldfisch,Fisch,1,tc,58.0552023488903,1149
28,Saeugetier,Fisch,Atypical,Wal,Fisch,0,af,-48.3676484966384,1047
28,Saeugetier,Reptil,Typical,Kaninchen,Saeugetier,1,tc,-71.0102144434888,1036
28,Fisch,Saeugetier,Atypical,Seeloewe,Saeugetier,1,ac,665.237830375525,1678
28,Reptil,Fisch,Atypical,Aal,Fisch,1,ac,33.0595108919604,1414
28,Fisch,Saeugetier,Typical,Hai,Fisch,1,tc,97.9887436862755,1147
28,Vogel,Saeugetier,Typical,Spatz,Saeugetier,0,tf,-56.6399888487807,1694
28,Saeugetier,Vogel,Typical,Pferd,Saeugetier,1,tc,540.805108869489,1759
28,Vogel,Reptil,Typical,Falke,Vogel,1,tc,39.8100854204804,1686
28,Reptil,Saeugetier,Typical,Alligator,Reptil,1,tc,996.350385449194,2286
28,Reptil,Saeugetier,Typical,Katze,Saeugetier,1,tc,67.7102628456551,1663
28,Amphibie,Reptil,Typical,Klapperschlange,Amphibie,0,tf,829.859431008905,3943
28,Vogel,Fisch,Atypical,Pinguin,Vogel,1,ac,-69.5888984644259,1798
28,Fisch,Saeugetier,Typical,Lachs,Fisch,1,tc,84.8514984314267,1479
28,Reptil,Insekt,Typical,Chamaeleon,Reptil,1,tc,83.7530148141598,1814
29,Reptil,Amphibie,Typical,Klapperschlange,Amphibie,0,tf,-67.5965067637443,1439
29,Insekt,Reptil,Typical,Chamaeleon,Reptil,1,tc,259.70407861133,2145
29,Reptil,Saeugetier,Typical,Alligator,Reptil,1,tc,93.6642415695541,1496
29,Vogel,Fisch,Atypical,Pinguin,Vogel,1,ac,159.502205051631,1240
29,Reptil,Vogel,Typical,Falke,Vogel,1,tc,50.4803198773743,1233
29,Saeugetier,Insekt,Typical,Hund,Saeugetier,1,tc,88.2706528890945,1064
29,Vogel,Saeugetier,Typical,Pferd,Saeugetier,1,tc,380.920248885523,1415
29,Saeugetier,Fisch,Typical,Lachs,Fisch,1,tc,69.5459044246051,1368
29,Saeugetier,Fisch,Typical,Loewe,Saeugetier,1,tc,97.0008880188545,1440
29,Fisch,Saeugetier,Typical,Hai,Fisch,1,tc,740.320997193489,2663
29,Reptil,Saeugetier,Typical,Katze,Saeugetier,1,tc,48.6847704601622,1288
29,Vogel,Saeugetier,Atypical,Fledermaus,Vogel,0,af,41.2415294879759,1232
29,Vogel,Insekt,Atypical,Schmetterling,Insekt,1,ac,850.675656189455,1879
29,Saeugetier,Fisch,Atypical,Seeloewe,Saeugetier,1,ac,36.2720224878418,2232
29,Saeugetier,Reptil,Typical,Kaninchen,Saeugetier,1,tc,34.6087498199866,1120
29,Amphibie,Fisch,Typical,Goldfisch,Fisch,1,tc,170.906020999915,1383
29,Saeugetier,Fisch,Atypical,Wal,Fisch,0,af,54.8001343384347,1016
29,Vogel,Saeugetier,Typical,Spatz,Vogel,1,tc,71.3451151896638,1176
29,Fisch,Reptil,Atypical,Aal,Fisch,1,ac,277.386259859392,2160
30,Insekt,Reptil,Typical,Chamaeleon,Insekt,0,tf,237.748170436986,1728
30,Insekt,Vogel,Atypical,Schmetterling,Insekt,1,ac,76.9510854172092,1543
30,Saeugetier,Vogel,Typical,Spatz,Vogel,1,tc,373.078896989683,1472
30,Vogel,Saeugetier,Typical,Pferd,Saeugetier,1,tc,-126.463730728194,1344
30,Saeugetier,Reptil,Typical,Alligator,Reptil,1,tc,-63.4102131241468,1216
30,Reptil,Amphibie,Typical,Klapperschlange,Amphibie,0,tf,-98.2498517011432,1256
30,Amphibie,Fisch,Typical,Goldfisch,Fisch,1,tc,-56.3607946096204,1241
30,Vogel,Saeugetier,Atypical,Fledermaus,Saeugetier,1,ac,895.33957814003,2479
30,Saeugetier,Insekt,Typical,Hund,Saeugetier,1,tc,-31.604739567844,1296
30,Vogel,Reptil,Typical,Falke,Vogel,1,tc,43.1942335963556,1177
30,Fisch,Saeugetier,Atypical,Wal,Saeugetier,1,ac,959.602434226977,1975
30,Saeugetier,Reptil,Typical,Kaninchen,Saeugetier,1,tc,191.777047177307,1536
30,Fisch,Saeugetier,Typical,Lachs,Fisch,1,tc,42.3096151916439,1208
30,Vogel,Fisch,Atypical,Pinguin,Vogel,1,ac,854.945920713133,2016
30,Fisch,Saeugetier,Typical,Loewe,Saeugetier,1,tc,797.832743278971,1336
30,Fisch,Saeugetier,Atypical,Seeloewe,Saeugetier,1,ac,910.995521503235,2360
30,Reptil,Fisch,Atypical,Aal,Fisch,1,ac,728.025376124794,1391
30,Saeugetier,Reptil,Typical,Katze,Saeugetier,1,tc,58.7453385118788,1160
30,Fisch,Saeugetier,Typical,Hai,Fisch,1,tc,144.460918662473,2217
31,Reptil,Amphibie,Typical,Klapperschlange,Reptil,1,tc,-108.566442728987,1984
31,Saeugetier,Vogel,Atypical,Fledermaus,Saeugetier,1,ac,-22.3184928530513,2128
31,Vogel,Insekt,Atypical,Schmetterling,Insekt,1,ac,-40.0348192102501,2552
31,Reptil,Fisch,Atypical,Aal,Fisch,1,ac,196.291415347081,3505
31,Reptil,Vogel,Typical,Falke,Vogel,1,tc,-57.5570630234899,1775
31,Reptil,Saeugetier,Typical,Katze,Saeugetier,1,tc,60.8674117637224,1008
31,Vogel,Saeugetier,Typical,Pferd,Saeugetier,1,tc,59.001030531291,1304
31,Vogel,Fisch,Atypical,Pinguin,Vogel,1,ac,79.0183705866769,2032
31,Fisch,Saeugetier,Typical,Loewe,Saeugetier,1,tc,-58.4184740949792,1943
31,Saeugetier,Fisch,Atypical,Seeloewe,Saeugetier,1,ac,145.650990456088,2320
31,Saeugetier,Reptil,Typical,Kaninchen,Saeugetier,1,tc,296.468374992026,3551
31,Reptil,Insekt,Typical,Chamaeleon,Reptil,1,tc,-64.455113403326,1759
31,Vogel,Saeugetier,Typical,Spatz,Vogel,1,tc,-58.1865942683302,1688
31,Amphibie,Fisch,Typical,Goldfisch,Fisch,1,tc,212.060887336259,1927
31,Saeugetier,Fisch,Atypical,Wal,Saeugetier,1,ac,-59.1363381861912,1672
31,Saeugetier,Reptil,Typical,Alligator,Reptil,1,tc,72.3380960709938,1808
31,Saeugetier,Fisch,Typical,Lachs,Fisch,1,tc,53.6824998734515,1392
31,Fisch,Saeugetier,Typical,Hai,Fisch,1,tc,-25.5546048267753,1112
31,Saeugetier,Insekt,Typical,Hund,Saeugetier,1,tc,-91.3174580869932,1736
32,Saeugetier,Reptil,Typical,Katze,Saeugetier,1,tc,106.430509257842,1048
32,Fisch,Saeugetier,Typical,Lachs,Fisch,1,tc,55.7162404148842,1216
32,Saeugetier,Reptil,Typical,Kaninchen,Saeugetier,1,tc,32.8424931434793,1360
32,Saeugetier,Fisch,Typical,Hai,Fisch,1,tc,-59.1085314046955,1240
32,Saeugetier,Reptil,Typical,Alligator,Reptil,1,tc,-53.9589837657413,1080
32,Saeugetier,Vogel,Atypical,Fledermaus,Saeugetier,1,ac,750.725356037899,2447
32,Amphibie,Fisch,Typical,Goldfisch,Fisch,1,tc,-45.4487686478841,1376
32,Insekt,Saeugetier,Typical,Hund,Saeugetier,1,tc,35.8281559775612,1248
32,Insekt,Vogel,Atypical,Schmetterling,Insekt,1,ac,39.2401667217399,1320
32,Vogel,Fisch,Atypical,Pinguin,Vogel,1,ac,1001.9426816866,2904
32,Fisch,Saeugetier,Typical,Loewe,Saeugetier,1,tc,770.029461308054,1688
32,Fisch,Saeugetier,Atypical,Seeloewe,Saeugetier,1,ac,82.426872895368,1576
32,Saeugetier,Fisch,Atypical,Wal,Saeugetier,1,ac,31.0513264574668,1344
32,Amphibie,Reptil,Typical,Klapperschlange,Amphibie,0,tf,825.801030601185,2736
32,Reptil,Fisch,Atypical,Aal,Fisch,1,ac,711.737407307666,1655
32,Reptil,Insekt,Typical,Chamaeleon,Reptil,1,tc,72.6155586086036,2392
32,Reptil,Vogel,Typical,Falke,Vogel,1,tc,10.6121207304115,1536
32,Vogel,Saeugetier,Typical,Pferd,Saeugetier,1,tc,-79.8695087885586,1087
32,Saeugetier,Vogel,Typical,Spatz,Vogel,1,tc,-78.8353211495481,1392
33,Fisch,Amphibie,Typical,Goldfisch,Fisch,1,tc,321.053250374684,1064
33,Saeugetier,Fisch,Typical,Loewe,Saeugetier,1,tc,-69.3552527336734,1096
33,Reptil,Vogel,Typical,Falke,Vogel,1,tc,50.7113516307445,1344
33,Vogel,Insekt,Atypical,Schmetterling,Insekt,1,ac,1020.69363726924,1720
33,Saeugetier,Reptil,Typical,Alligator,Reptil,1,tc,1055.5990938864,1335
33,Saeugetier,Vogel,Typical,Pferd,Saeugetier,1,tc,198.222904951153,1216
33,Insekt,Reptil,Typical,Chamaeleon,Reptil,1,tc,64.0588329351953,2159
33,Saeugetier,Fisch,Typical,Lachs,Fisch,1,tc,186.499167372715,1320
33,Saeugetier,Fisch,Atypical,Wal,Saeugetier,1,ac,921.727163802878,1560
33,Reptil,Saeugetier,Typical,Kaninchen,Saeugetier,1,tc,1039.5596694221,1528
33,Saeugetier,Vogel,Atypical,Fledermaus,Saeugetier,1,ac,367.770437055402,1736
33,Amphibie,Reptil,Typical,Klapperschlange,Reptil,1,tc,1130.42560015499,6480
33,Reptil,Saeugetier,Typical,Katze,Saeugetier,1,tc,-113.454351986061,944
33,Insekt,Saeugetier,Typical,Hund,Saeugetier,1,tc,22.6494654733884,1576
33,Saeugetier,Fisch,Atypical,Seeloewe,Saeugetier,1,ac,1074.15581491792,3512
33,Fisch,Vogel,Atypical,Pinguin,Vogel,1,ac,991.947549207769,5279
33,Saeugetier,Fisch,Typical,Hai,Fisch,1,tc,-61.8403609291206,1584
33,Vogel,Saeugetier,Typical,Spatz,Vogel,1,tc,1014.73201676003,1432
33,Reptil,Fisch,Atypical,Aal,Fisch,1,ac,51.5167836791323,2280
34,Reptil,Saeugetier,Typical,Katze,Saeugetier,1,tc,-12.837701219058,1608
34,Reptil,Fisch,Atypical,Aal,Fisch,1,ac,-86.4235921681808,1840
34,Fisch,Amphibie,Typical,Goldfisch,Fisch,1,tc,1255.15921486596,2560
34,Fisch,Saeugetier,Typical,Loewe,Saeugetier,1,tc,54.3113565450704,1352
34,Amphibie,Reptil,Typical,Klapperschlange,Reptil,1,tc,-114.801601761473,2272
34,Saeugetier,Vogel,Typical,Pferd,Saeugetier,1,tc,72.5834453691188,1264
34,Fisch,Vogel,Atypical,Pinguin,Vogel,1,ac,-17.4836677231022,1440
34,Insekt,Reptil,Typical,Chamaeleon,Reptil,1,tc,10.2523910373812,1528
34,Saeugetier,Fisch,Typical,Lachs,Fisch,1,tc,69.9482463824193,1279
34,Saeugetier,Vogel,Atypical,Fledermaus,Saeugetier,1,ac,218.311330346852,2600
34,Saeugetier,Insekt,Typical,Hund,Saeugetier,1,tc,-86.8333509867096,1664
34,Saeugetier,Fisch,Atypical,Seeloewe,Saeugetier,1,ac,-187.908613872849,2344
34,Insekt,Vogel,Atypical,Schmetterling,Insekt,1,ac,-79.3155112325361,1584
34,Saeugetier,Fisch,Atypical,Wal,Saeugetier,1,ac,796.806956759772,9856
34,Saeugetier,Vogel,Typical,Spatz,Vogel,1,tc,-110.987489848676,1488
34,Fisch,Saeugetier,Typical,Hai,Fisch,1,tc,135.989061065165,1744
34,Saeugetier,Reptil,Typical,Alligator,Reptil,1,tc,62.735592087608,1681
34,Reptil,Vogel,Typical,Falke,Vogel,1,tc,-294.45082315101,2072
34,Reptil,Saeugetier,Typical,Kaninchen,Saeugetier,1,tc,234.158797416049,1880
35,Saeugetier,Fisch,Typical,Lachs,Fisch,1,tc,45.8720667997764,1729
35,Reptil,Saeugetier,Typical,Kaninchen,Saeugetier,1,tc,52.2007009623034,1431
35,Saeugetier,Fisch,Atypical,Seeloewe,Saeugetier,1,ac,840.155935998841,5128
35,Fisch,Saeugetier,Typical,Hai,Fisch,1,tc,153.086286714709,4143
35,Saeugetier,Insekt,Typical,Hund,Saeugetier,1,tc,87.6523556125784,1296
35,Amphibie,Fisch,Typical,Goldfisch,Fisch,1,tc,143.284891302297,1472
35,Reptil,Insekt,Typical,Chamaeleon,Reptil,1,tc,103.260557761991,1455
35,Fisch,Saeugetier,Atypical,Wal,Saeugetier,1,ac,96.5933291240041,4640
35,Insekt,Vogel,Atypical,Schmetterling,Insekt,1,ac,232.994115303991,1864
35,Saeugetier,Vogel,Typical,Spatz,Vogel,1,tc,-71.0748505698839,1415
35,Reptil,Vogel,Typical,Falke,Vogel,1,tc,92.3138340470154,3608
35,Reptil,Amphibie,Typical,Klapperschlange,Reptil,1,tc,37.0548169535279,2648
35,Vogel,Saeugetier,Atypical,Fledermaus,Saeugetier,1,ac,225.802793558506,2503
35,Saeugetier,Fisch,Typical,Loewe,Saeugetier,1,tc,-31.3436933809895,1662
35,Reptil,Saeugetier,Typical,Katze,Saeugetier,1,tc,-41.408577990875,2969
35,Saeugetier,Reptil,Typical,Alligator,Reptil,1,tc,86.6271136584754,1720
35,Fisch,Vogel,Atypical,Pinguin,Vogel,1,ac,23.4628073964106,4720
35,Fisch,Reptil,Atypical,Aal,Fisch,1,ac,-21.129867499847,2023
35,Saeugetier,Vogel,Typical,Pferd,Saeugetier,1,tc,77.5015459234246,1176
36,Fisch,Vogel,Atypical,Pinguin,Vogel,1,ac,943.919823231257,3911
36,Fisch,Saeugetier,Atypical,Wal,Saeugetier,1,ac,940.945750171916,2120
36,Amphibie,Reptil,Typical,Klapperschlange,Reptil,1,tc,915.001247247729,2377
36,Saeugetier,Vogel,Typical,Pferd,Saeugetier,1,tc,825.404130346576,2231
36,Saeugetier,Insekt,Typical,Hund,Saeugetier,1,tc,799.455188291859,1672
36,Fisch,Saeugetier,Typical,Lachs,Saeugetier,0,tf,-130.831268023448,1728
36,Amphibie,Fisch,Typical,Goldfisch,Fisch,1,tc,897.97948768128,2152
36,Reptil,Insekt,Typical,Chamaeleon,Insekt,0,tf,-101.652614416302,1526
36,Fisch,Reptil,Atypical,Aal,Reptil,0,af,942.00360576678,1792
36,Reptil,Saeugetier,Typical,Alligator,Reptil,1,tc,75.3060005068656,1159
36,Saeugetier,Vogel,Atypical,Fledermaus,Vogel,0,af,-49.8784358454169,1104
36,Fisch,Saeugetier,Typical,Hai,Saeugetier,0,tf,-167.226550337275,1112
36,Reptil,Saeugetier,Typical,Katze,Reptil,0,tf,271.229747539421,1671
36,Vogel,Saeugetier,Typical,Spatz,Saeugetier,0,tf,-122.520047926668,1008
36,Saeugetier,Reptil,Typical,Kaninchen,Saeugetier,1,tc,-54.0975390405365,1120
36,Fisch,Saeugetier,Atypical,Seeloewe,Saeugetier,1,ac,-121.363954593501,1232
36,Vogel,Reptil,Typical,Falke,Reptil,0,tf,1047.97660601314,2112
36,Saeugetier,Fisch,Typical,Loewe,Saeugetier,1,tc,-172.732438088422,6985
36,Insekt,Vogel,Atypical,Schmetterling,Insekt,1,ac,889.698699653879,2032
37,Fisch,Saeugetier,Typical,Loewe,Saeugetier,1,tc,138.22807558091,1048
37,Reptil,Saeugetier,Typical,Alligator,Reptil,1,tc,-131.137227941233,1016
37,Fisch,Saeugetier,Typical,Hai,Fisch,1,tc,614.81203369644,1367
37,Reptil,Fisch,Atypical,Aal,Fisch,1,ac,347.120698995322,2201
37,Saeugetier,Reptil,Typical,Kaninchen,Saeugetier,1,tc,75.896608479615,1511
37,Saeugetier,Fisch,Atypical,Wal,Saeugetier,1,ac,-86.1659413076332,1183
37,Reptil,Insekt,Typical,Chamaeleon,Reptil,1,tc,-115.595921698883,1280
37,Saeugetier,Fisch,Typical,Lachs,Fisch,1,tc,1088.15839887122,1792
37,Fisch,Amphibie,Typical,Goldfisch,Fisch,1,tc,768.001631277395,1368
37,Saeugetier,Vogel,Typical,Pferd,Saeugetier,1,tc,17.4291807028325,1184
37,Fisch,Vogel,Atypical,Pinguin,Vogel,1,ac,718.913040816879,1393
37,Insekt,Saeugetier,Typical,Hund,Saeugetier,1,tc,738.477692503204,1496
37,Vogel,Insekt,Atypical,Schmetterling,Insekt,1,ac,343.813700885225,1583
37,Vogel,Reptil,Typical,Falke,Vogel,1,tc,-99.8773420637461,1376
37,Saeugetier,Vogel,Typical,Spatz,Vogel,1,tc,851.177696998648,1624
37,Vogel,Saeugetier,Atypical,Fledermaus,Saeugetier,1,ac,70.9969781785955,2007
37,Fisch,Saeugetier,Atypical,Seeloewe,Saeugetier,1,ac,583.920790000714,1967
37,Amphibie,Reptil,Typical,Klapperschlange,Reptil,1,tc,228.0872374992,2288
37,Reptil,Saeugetier,Typical,Katze,Saeugetier,1,tc,869.917011311691,1599
38,Fisch,Amphibie,Typical,Goldfisch,Fisch,1,tc,80.8719029153008,1495
38,Fisch,Reptil,Atypical,Aal,Fisch,1,ac,112.813424087453,2033
38,Saeugetier,Vogel,Typical,Spatz,Vogel,1,tc,-18.5020046878238,1608
38,Reptil,Saeugetier,Typical,Alligator,Reptil,1,tc,174.56788498576,2031
38,Saeugetier,Fisch,Typical,Hai,Fisch,1,tc,152.67764534587,1680
38,Fisch,Saeugetier,Typical,Lachs,Fisch,1,tc,-56.7775145184411,2816
38,Saeugetier,Insekt,Typical,Hund,Saeugetier,1,tc,65.4735732819947,1309
38,Vogel,Insekt,Atypical,Schmetterling,Vogel,0,af,577.800265021831,2689
38,Amphibie,Reptil,Typical,Klapperschlange,Amphibie,0,tf,96.6514000505215,3624
38,Saeugetier,Reptil,Typical,Kaninchen,Saeugetier,1,tc,80.3433834701314,1424
38,Saeugetier,Vogel,Typical,Pferd,Saeugetier,1,tc,-58.4890136997746,1824
38,Fisch,Saeugetier,Typical,Loewe,Saeugetier,1,tc,-76.6098376806177,1832
38,Insekt,Reptil,Typical,Chamaeleon,Reptil,1,tc,36.357948708034,1672
38,Fisch,Vogel,Atypical,Pinguin,Vogel,1,ac,867.144838127981,5632
38,Vogel,Reptil,Typical,Falke,Vogel,1,tc,280.574751484179,4575
38,Saeugetier,Vogel,Atypical,Fledermaus,Vogel,0,af,-35.9467416531765,1608
38,Fisch,Saeugetier,Atypical,Seeloewe,Saeugetier,1,ac,739.278974094589,5247
38,Saeugetier,Fisch,Atypical,Wal,Saeugetier,1,ac,304.089825589849,1281
38,Reptil,Saeugetier,Typical,Katze,Saeugetier,1,tc,94.3421158715319,1752
39,Fisch,Reptil,Atypical,Aal,Fisch,1,ac,-61.5764112808538,8375
39,Saeugetier,Vogel,Typical,Pferd,Saeugetier,1,tc,38.4773471776785,1232
39,Saeugetier,Reptil,Typical,Kaninchen,Saeugetier,1,tc,-65.7761471369115,1952
39,Amphibie,Fisch,Typical,Goldfisch,Fisch,1,tc,59.0325031438692,1304
39,Saeugetier,Fisch,Typical,Hai,Fisch,1,tc,122.607381839832,6469
39,Fisch,Saeugetier,Typical,Lachs,Fisch,1,tc,-86.9842188863021,3888
39,Vogel,Saeugetier,Atypical,Fledermaus,Saeugetier,1,ac,136.154705246408,14552
39,Saeugetier,Fisch,Atypical,Wal,Saeugetier,1,ac,95.9735774948689,2632
39,Vogel,Reptil,Typical,Falke,Vogel,1,tc,235.927683903276,1352
39,Vogel,Fisch,Atypical,Pinguin,Vogel,1,ac,314.094473598326,3775
39,Saeugetier,Fisch,Typical,Loewe,Saeugetier,1,tc,43.560117045399,1686
39,Reptil,Amphibie,Typical,Klapperschlange,Reptil,1,tc,878.478149203697,6855
39,Reptil,Insekt,Typical,Chamaeleon,Reptil,1,tc,117.043322946528,1392
39,Insekt,Vogel,Atypical,Schmetterling,Insekt,1,ac,-84.3020826642256,1952
39,Fisch,Saeugetier,Atypical,Seeloewe,Saeugetier,1,ac,-76.9148358971644,2743
39,Reptil,Saeugetier,Typical,Katze,Saeugetier,1,tc,132.763735350668,1815
39,Insekt,Saeugetier,Typical,Hund,Saeugetier,1,tc,75.486113623337,3176
39,Reptil,Saeugetier,Typical,Alligator,Reptil,1,tc,149.166367587623,1697
39,Saeugetier,Vogel,Typical,Spatz,Vogel,1,tc,25.8857440494079,1528
40,Fisch,Saeugetier,Atypical,Wal,Saeugetier,1,ac,851.546728826359,3896
40,Vogel,Saeugetier,Atypical,Fledermaus,Vogel,0,af,504.46296673366,5415
40,Amphibie,Reptil,Typical,Klapperschlange,Reptil,1,tc,504.518208300527,1784
40,Vogel,Saeugetier,Typical,Spatz,Vogel,1,tc,630.785999642016,1616
40,Fisch,Saeugetier,Typical,Loewe,Saeugetier,1,tc,320.054198845828,1585
40,Insekt,Reptil,Typical,Chamaeleon,Reptil,1,tc,121.449115596282,1968
40,Fisch,Reptil,Atypical,Aal,Fisch,1,ac,264.707074984756,2407
40,Fisch,Saeugetier,Typical,Hai,Fisch,1,tc,804.734850775963,3409
40,Saeugetier,Vogel,Typical,Pferd,Saeugetier,1,tc,310.760480886988,1616
40,Insekt,Vogel,Atypical,Schmetterling,Insekt,1,ac,295.73773384903,1959
40,Saeugetier,Reptil,Typical,Alligator,Reptil,1,tc,51.0338718750044,1536
40,Reptil,Vogel,Typical,Falke,Vogel,1,tc,34.9981396826528,1152
40,Saeugetier,Fisch,Atypical,Seeloewe,Saeugetier,1,ac,93.5106362171527,2856
40,Fisch,Amphibie,Typical,Goldfisch,Fisch,1,tc,217.858377413734,1649
40,Saeugetier,Insekt,Typical,Hund,Saeugetier,1,tc,180.411797873762,1112
40,Fisch,Vogel,Atypical,Pinguin,Vogel,1,ac,139.316914013572,2248
40,Saeugetier,Reptil,Typical,Kaninchen,Saeugetier,1,tc,-51.2041708323072,1825
40,Saeugetier,Reptil,Typical,Katze,Saeugetier,1,tc,-125.298313589773,1568
40,Saeugetier,Fisch,Typical,Lachs,Fisch,1,tc,418.769488630826,1640
41,Vogel,Reptil,Typical,Falke,Vogel,1,tc,-92.8807882207581,1566
41,Reptil,Fisch,Atypical,Aal,Fisch,1,ac,-37.5181942235939,1533
41,Reptil,Insekt,Typical,Chamaeleon,Reptil,1,tc,359.386450985893,2567
41,Reptil,Saeugetier,Typical,Katze,Saeugetier,1,tc,45.6213549053993,1367
41,Vogel,Saeugetier,Typical,Pferd,Saeugetier,1,tc,53.018823779929,1999
41,Fisch,Amphibie,Typical,Goldfisch,Fisch,1,tc,-74.8149835498168,1383
41,Fisch,Saeugetier,Atypical,Seeloewe,Saeugetier,1,ac,156.922356069208,2255
41,Fisch,Saeugetier,Typical,Loewe,Saeugetier,1,tc,802.707823496404,1335
41,Vogel,Insekt,Atypical,Schmetterling,Insekt,1,ac,59.9677751884201,1471
41,Vogel,Saeugetier,Atypical,Fledermaus,Saeugetier,1,ac,897.781774764908,3158
41,Fisch,Saeugetier,Atypical,Wal,Saeugetier,1,ac,760.74646550425,2031
41,Fisch,Saeugetier,Typical,Hai,Fisch,1,tc,924.869668623422,2831
41,Insekt,Saeugetier,Typical,Hund,Saeugetier,1,tc,128.948843564988,1350
41,Fisch,Vogel,Atypical,Pinguin,Vogel,1,ac,122.128387069577,2151
41,Reptil,Amphibie,Typical,Klapperschlange,Reptil,1,tc,33.9727330696946,1575
41,Saeugetier,Reptil,Typical,Alligator,Reptil,1,tc,229.677613878298,2023
41,Reptil,Saeugetier,Typical,Kaninchen,Saeugetier,1,tc,25.0948552606143,1872
41,Saeugetier,Fisch,Typical,Lachs,Fisch,1,tc,25.2808807732278,1391
41,Saeugetier,Vogel,Typical,Spatz,Vogel,1,tc,691.126580723272,1895
42,Reptil,Amphibie,Typical,Klapperschlange,Amphibie,0,tf,320.722469731924,1361
42,Saeugetier,Reptil,Typical,Kaninchen,Saeugetier,1,tc,-89.99657198643,1192
42,Saeugetier,Vogel,Atypical,Fledermaus,Saeugetier,1,ac,964.227661922333,2776
42,Vogel,Reptil,Typical,Falke,Vogel,1,tc,-55.4918452328343,1432
42,Fisch,Vogel,Atypical,Pinguin,Vogel,1,ac,867.978136331974,2336
42,Insekt,Vogel,Atypical,Schmetterling,Insekt,1,ac,-38.0197812212989,1096
42,Insekt,Reptil,Typical,Chamaeleon,Reptil,1,tc,30.2321569800058,1711
42,Saeugetier,Fisch,Typical,Hai,Fisch,1,tc,834.471988221634,2104
42,Fisch,Amphibie,Typical,Goldfisch,Fisch,1,tc,71.7128167970981,1128
42,Saeugetier,Reptil,Typical,Katze,Saeugetier,1,tc,59.3739771916266,1055
42,Vogel,Saeugetier,Typical,Pferd,Saeugetier,1,tc,649.592584406944,1480
42,Saeugetier,Fisch,Typical,Lachs,Fisch,1,tc,377.59593703912,1224
42,Fisch,Saeugetier,Atypical,Seeloewe,Saeugetier,1,ac,611.526637805956,2360
42,Saeugetier,Reptil,Typical,Alligator,Reptil,1,tc,294.727582178527,1865
42,Saeugetier,Vogel,Typical,Spatz,Vogel,1,tc,855.51150191054,1296
42,Saeugetier,Insekt,Typical,Hund,Saeugetier,1,tc,98.0999854678474,1032
42,Saeugetier,Fisch,Typical,Loewe,Saeugetier,1,tc,75.2771379376783,895
42,Fisch,Reptil,Atypical,Aal,Fisch,1,ac,66.6218316538528,895
42,Fisch,Saeugetier,Atypical,Wal,Saeugetier,1,ac,872.333642515604,1664
43,Saeugetier,Insekt,Typical,Hund,Saeugetier,1,tc,145.32581093921,2176
43,Reptil,Saeugetier,Typical,Katze,Saeugetier,1,tc,386.225983809223,1624
43,Reptil,Insekt,Typical,Chamaeleon,Reptil,1,tc,-104.142904251877,1792
43,Reptil,Fisch,Atypical,Aal,Fisch,1,ac,-46.6183574515513,1120
43,Fisch,Saeugetier,Atypical,Wal,Saeugetier,1,ac,652.202346106917,2456
43,Fisch,Amphibie,Typical,Goldfisch,Fisch,1,tc,-79.0085750976229,1640
43,Reptil,Vogel,Typical,Falke,Vogel,1,tc,-76.9388409272805,1992
43,Fisch,Saeugetier,Typical,Loewe,Saeugetier,1,tc,-25.8658719869533,1424
43,Saeugetier,Vogel,Typical,Spatz,Vogel,1,tc,21.2964330816905,1664
43,Reptil,Amphibie,Typical,Klapperschlange,Reptil,1,tc,-30.8737233166749,3328
43,Saeugetier,Fisch,Typical,Hai,Fisch,1,tc,12.6127054478345,1592
43,Insekt,Vogel,Atypical,Schmetterling,Insekt,1,ac,43.5760136289923,2344
43,Vogel,Fisch,Atypical,Pinguin,Vogel,1,ac,29.9395961073227,4088
43,Saeugetier,Reptil,Typical,Alligator,Reptil,1,tc,8.99546674147412,1872
43,Saeugetier,Vogel,Typical,Pferd,Saeugetier,1,tc,-67.6259724663691,1551
43,Saeugetier,Vogel,Atypical,Fledermaus,Saeugetier,1,ac,-38.7557431893972,3368
43,Fisch,Saeugetier,Typical,Lachs,Fisch,1,tc,96.9918027119615,2151
43,Saeugetier,Fisch,Atypical,Seeloewe,Saeugetier,1,ac,-31.00304669301,2960
43,Saeugetier,Reptil,Typical,Kaninchen,Saeugetier,1,tc,82.4751489056367,1448
44,Reptil,Vogel,Typical,Falke,Vogel,1,tc,113.820469549018,1792
44,Vogel,Saeugetier,Typical,Pferd,Saeugetier,1,tc,178.733221734066,1999
44,Saeugetier,Reptil,Typical,Kaninchen,Saeugetier,1,tc,171.004428995053,2632
44,Saeugetier,Vogel,Typical,Spatz,Vogel,1,tc,274.442639133605,1496
44,Fisch,Saeugetier,Typical,Loewe,Saeugetier,1,tc,-253.686817335687,1319
44,Fisch,Saeugetier,Atypical,Wal,Fisch,0,af,271.477718173427,3504
44,Amphibie,Fisch,Typical,Goldfisch,Fisch,1,tc,-64.7742537719369,2264
44,Fisch,Vogel,Atypical,Pinguin,Fisch,0,af,429.817040033121,2479
44,Reptil,Saeugetier,Typical,Katze,Saeugetier,1,tc,65.4932455524361,2136
44,Insekt,Reptil,Typical,Chamaeleon,Reptil,1,tc,-145.369138154268,1904
44,Insekt,Saeugetier,Typical,Hund,Saeugetier,1,tc,23.7651746545832,1455
44,Saeugetier,Reptil,Typical,Alligator,Reptil,1,tc,165.520581753563,1880
44,Vogel,Insekt,Atypical,Schmetterling,Insekt,1,ac,155.613302429996,1888
44,Saeugetier,Fisch,Typical,Hai,Saeugetier,0,tf,930.911714505281,3591
44,Fisch,Saeugetier,Atypical,Seeloewe,Saeugetier,1,ac,-54.4709003747704,1864
44,Vogel,Saeugetier,Atypical,Fledermaus,Saeugetier,1,ac,207.583076557846,1896
44,Amphibie,Reptil,Typical,Klapperschlange,Reptil,1,tc,-53.2469182678587,2335
44,Fisch,Reptil,Atypical,Aal,Fisch,1,ac,73.3481485216524,4072
44,Fisch,Saeugetier,Typical,Lachs,Fisch,1,tc,-55.2742503864001,1601
45,Saeugetier,Vogel,Typical,Pferd,Saeugetier,1,tc,27.7033421548077,2464
45,Saeugetier,Fisch,Typical,Hai,Fisch,1,tc,-84.5419648620313,5159
45,Insekt,Reptil,Typical,Chamaeleon,Reptil,1,tc,-70.2325150467871,3344
45,Reptil,Vogel,Typical,Falke,Vogel,1,tc,-63.6332891186195,2023
45,Insekt,Saeugetier,Typical,Hund,Saeugetier,1,tc,-64.1770213228646,1728
45,Saeugetier,Reptil,Typical,Alligator,Reptil,1,tc,-35.0125989294429,3280
45,Saeugetier,Fisch,Typical,Loewe,Saeugetier,1,tc,10.6672181178295,1751
45,Saeugetier,Fisch,Atypical,Wal,Saeugetier,1,ac,-47.0415815976269,3225
45,Saeugetier,Fisch,Typical,Lachs,Fisch,1,tc,8.21428943063277,2456
45,Fisch,Reptil,Atypical,Aal,Fisch,1,ac,82.4249756669727,2455
45,Saeugetier,Vogel,Atypical,Fledermaus,Saeugetier,1,ac,-90.2687780101331,3744
45,Fisch,Amphibie,Typical,Goldfisch,Fisch,1,tc,-72.065972836874,1863
45,Amphibie,Reptil,Typical,Klapperschlange,Reptil,1,tc,16.0510344225356,2311
45,Saeugetier,Fisch,Atypical,Seeloewe,Saeugetier,1,ac,-61.3703658537587,2032
45,Vogel,Insekt,Atypical,Schmetterling,Insekt,1,ac,-61.0517827831053,1671
45,Vogel,Saeugetier,Typical,Spatz,Vogel,1,tc,-66.9518101047961,1831
45,Saeugetier,Reptil,Typical,Kaninchen,Saeugetier,1,tc,-43.1635831119994,1632
45,Vogel,Fisch,Atypical,Pinguin,Vogel,1,ac,-30.3536953047036,2831
45,Reptil,Saeugetier,Typical,Katze,Saeugetier,1,tc,-60.1441245987455,1320
46,Reptil,Saeugetier,Typical,Katze,Saeugetier,1,tc,-76.2978633425206,3704
46,Reptil,Vogel,Typical,Falke,Vogel,1,tc,57.7169715801941,1176
46,Saeugetier,Fisch,Typical,Hai,Fisch,1,tc,-100.221030511247,1257
46,Saeugetier,Vogel,Atypical,Fledermaus,Vogel,0,af,61.0062625459528,1488
46,Fisch,Reptil,Atypical,Aal,Fisch,1,ac,-73.3211233806902,2072
46,Fisch,Saeugetier,Typical,Lachs,Fisch,1,tc,16.0063733451661,1679
46,Insekt,Saeugetier,Typical,Hund,Saeugetier,1,tc,23.2390191012185,1256
46,Fisch,Vogel,Atypical,Pinguin,Vogel,1,ac,1001.35965976955,6344
46,Saeugetier,Vogel,Typical,Spatz,Vogel,1,tc,-123.402023697937,1376
46,Saeugetier,Fisch,Atypical,Wal,Fisch,0,af,-46.0014110505233,1200
46,Reptil,Saeugetier,Typical,Alligator,Reptil,1,tc,-68.3235127256602,1568
46,Reptil,Insekt,Typical,Chamaeleon,Reptil,1,tc,-100.284529401113,2328
46,Reptil,Saeugetier,Typical,Kaninchen,Saeugetier,1,tc,43.8061606932389,1648
46,Saeugetier,Vogel,Typical,Pferd,Saeugetier,1,tc,-71.6527750843503,1104
46,Insekt,Vogel,Atypical,Schmetterling,Insekt,1,ac,103.515370094399,1727
46,Reptil,Amphibie,Typical,Klapperschlange,Amphibie,0,tf,671.881158711443,3008
46,Saeugetier,Fisch,Atypical,Seeloewe,Saeugetier,1,ac,911.370053773668,3232
46,Fisch,Saeugetier,Typical,Loewe,Saeugetier,1,tc,1034.01802829895,3129
46,Amphibie,Fisch,Typical,Goldfisch,Fisch,1,tc,74.8741153274325,1000
47,Saeugetier,Reptil,Typical,Kaninchen,Saeugetier,1,tc,133.312992260715,1432
47,Saeugetier,Fisch,Typical,Loewe,Saeugetier,1,tc,318.807486903542,1352
47,Vogel,Saeugetier,Typical,Spatz,Vogel,1,tc,195.627063529586,1496
47,Amphibie,Fisch,Typical,Goldfisch,Fisch,1,tc,141.058728959736,1032
47,Fisch,Saeugetier,Typical,Lachs,Fisch,1,tc,272.823285018955,1359
47,Vogel,Reptil,Typical,Falke,Vogel,1,tc,278.479681540386,1392
47,Vogel,Saeugetier,Atypical,Fledermaus,Saeugetier,1,ac,56.8843497917013,1296
47,Saeugetier,Fisch,Atypical,Wal,Saeugetier,1,ac,322.932713140356,1816
47,Vogel,Fisch,Atypical,Pinguin,Vogel,1,ac,613.859961208623,1720
47,Reptil,Insekt,Typical,Chamaeleon,Reptil,1,tc,510.298952554059,1432
47,Fisch,Reptil,Atypical,Aal,Fisch,1,ac,-53.4390703763416,4663
47,Saeugetier,Vogel,Typical,Pferd,Saeugetier,1,tc,115.375418442394,1368
47,Fisch,Saeugetier,Atypical,Seeloewe,Saeugetier,1,ac,192.400331225363,1344
47,Insekt,Vogel,Atypical,Schmetterling,Insekt,1,ac,216.434411113872,1880
47,Fisch,Saeugetier,Typical,Hai,Fisch,1,tc,252.311417637109,2272
47,Saeugetier,Reptil,Typical,Alligator,Reptil,1,tc,48.6701696943118,2080
47,Amphibie,Reptil,Typical,Klapperschlange,Reptil,1,tc,73.5446482720432,2975
47,Saeugetier,Insekt,Typical,Hund,Saeugetier,1,tc,136.066423066967,1192
47,Saeugetier,Reptil,Typical,Katze,Saeugetier,1,tc,55.2863078934561,1224
48,Fisch,Reptil,Atypical,Aal,Reptil,0,af,100.154287931507,1368
48,Fisch,Vogel,Atypical,Pinguin,Vogel,1,ac,432.023423800052,1265
48,Saeugetier,Vogel,Typical,Spatz,Vogel,1,tc,-109.964079053287,1224
48,Amphibie,Fisch,Typical,Goldfisch,Fisch,1,tc,-101.269696477956,1471
48,Fisch,Saeugetier,Atypical,Seeloewe,Saeugetier,1,ac,-69.4876809927558,2608
48,Reptil,Saeugetier,Typical,Alligator,Reptil,1,tc,-61.331844257701,1248
48,Reptil,Saeugetier,Typical,Katze,Saeugetier,1,tc,-72.5160874383646,984
48,Insekt,Saeugetier,Typical,Hund,Saeugetier,1,tc,-125.347971359768,1296
48,Vogel,Insekt,Atypical,Schmetterling,Insekt,1,ac,924.266891077793,1993
48,Reptil,Amphibie,Typical,Klapperschlange,Reptil,1,tc,-143.581750947282,1615
48,Saeugetier,Fisch,Typical,Hai,Fisch,1,tc,274.72488740281,1832
48,Fisch,Saeugetier,Atypical,Wal,Saeugetier,1,ac,161.686345130698,1385
48,Saeugetier,Vogel,Atypical,Fledermaus,Vogel,0,af,767.432186812505,2751
48,Vogel,Reptil,Typical,Falke,Vogel,1,tc,171.79399213498,1280
48,Saeugetier,Fisch,Typical,Lachs,Fisch,1,tc,763.217823651535,1336
48,Saeugetier,Reptil,Typical,Kaninchen,Saeugetier,1,tc,-46.964046052503,1016
48,Saeugetier,Vogel,Typical,Pferd,Saeugetier,1,tc,-63.2520812683609,1120
48,Fisch,Saeugetier,Typical,Loewe,Saeugetier,1,tc,-82.1038702872276,1184
48,Reptil,Insekt,Typical,Chamaeleon,Reptil,1,tc,136.016670632685,1872
49,Reptil,Saeugetier,Typical,Katze,Saeugetier,1,tc,72.9806927481223,1055
49,Reptil,Amphibie,Typical,Klapperschlange,Reptil,1,tc,945.970444777676,1391
49,Insekt,Reptil,Typical,Chamaeleon,Reptil,1,tc,1019.42372312075,1719
49,Saeugetier,Vogel,Atypical,Fledermaus,Vogel,0,af,-58.9737436468012,959
49,Fisch,Saeugetier,Typical,Hai,Saeugetier,0,tf,1043.8555450009,1758
49,Fisch,Vogel,Atypical,Pinguin,Vogel,1,ac,1025.53827091596,2070
49,Fisch,Saeugetier,Typical,Lachs,Fisch,1,tc,390.907223070325,1143
49,Vogel,Saeugetier,Typical,Spatz,Saeugetier,0,tf,34.2414847679867,1008
49,Saeugetier,Fisch,Atypical,Seeloewe,Saeugetier,1,ac,387.299311483459,1367
49,Reptil,Vogel,Typical,Falke,Vogel,1,tc,-112.151073138692,1271
49,Fisch,Reptil,Atypical,Aal,Fisch,1,ac,154.087128875397,1071
49,Vogel,Saeugetier,Typical,Pferd,Saeugetier,1,tc,72.9730979108613,1166
49,Reptil,Saeugetier,Typical,Kaninchen,Saeugetier,1,tc,49.4867572549943,943
49,Amphibie,Fisch,Typical,Goldfisch,Fisch,1,tc,-70.5745417903717,910
49,Vogel,Insekt,Atypical,Schmetterling,Insekt,1,ac,284.175313904812,1255
49,Reptil,Saeugetier,Typical,Alligator,Saeugetier,0,tf,852.444194368367,1727
49,Saeugetier,Fisch,Atypical,Wal,Fisch,0,af,-105.67275801795,1223
49,Fisch,Saeugetier,Typical,Loewe,Saeugetier,1,tc,940.652600081803,1511
49,Saeugetier,Insekt,Typical,Hund,Saeugetier,1,tc,204.789625353754,886
50,Insekt,Saeugetier,Typical,Hund,Saeugetier,1,tc,-28.1022087089049,1488
50,Fisch,Vogel,Atypical,Pinguin,Vogel,1,ac,947.239292219847,2936
50,Fisch,Reptil,Atypical,Aal,Fisch,1,ac,931.606236161139,6743
50,Saeugetier,Fisch,Typical,Loewe,Saeugetier,1,tc,298.833301173573,1512
50,Insekt,Vogel,Atypical,Schmetterling,Insekt,1,ac,281.069551834542,1976
50,Saeugetier,Reptil,Typical,Katze,Saeugetier,1,tc,267.140201065096,1295
50,Reptil,Saeugetier,Typical,Alligator,Reptil,1,tc,144.541801792299,1936
50,Amphibie,Reptil,Typical,Klapperschlange,Reptil,1,tc,-49.1742865244425,6527
50,Vogel,Saeugetier,Typical,Pferd,Saeugetier,1,tc,19.019596738489,1184
50,Saeugetier,Fisch,Atypical,Seeloewe,Saeugetier,1,ac,951.134900522619,4424
50,Saeugetier,Fisch,Typical,Hai,Fisch,1,tc,-67.8459497909645,2096
50,Reptil,Vogel,Typical,Falke,Vogel,1,tc,247.484414655436,2081
50,Vogel,Saeugetier,Typical,Spatz,Vogel,1,tc,240.242922939456,1743
50,Fisch,Saeugetier,Typical,Lachs,Fisch,1,tc,239.675855018124,1135
50,Saeugetier,Fisch,Atypical,Wal,Saeugetier,1,ac,875.356934005482,21577
50,Vogel,Saeugetier,Atypical,Fledermaus,Saeugetier,1,ac,371.3196766347,11063
50,Fisch,Amphibie,Typical,Goldfisch,Fisch,1,tc,181.802821264368,1928
50,Saeugetier,Reptil,Typical,Kaninchen,Saeugetier,1,tc,388.138328219503,1543
50,Insekt,Reptil,Typical,Chamaeleon,Reptil,1,tc,-147.716061304623,3080
51,Reptil,Saeugetier,Typical,Katze,Saeugetier,1,tc,-54.0042953618115,1006
51,Fisch,Saeugetier,Typical,Hai,Fisch,1,tc,94.4362081896379,1111
51,Fisch,Saeugetier,Atypical,Seeloewe,Saeugetier,1,ac,-49.314394715346,1494
51,Saeugetier,Fisch,Atypical,Wal,Saeugetier,1,ac,534.663628587388,5334
51,Saeugetier,Reptil,Typical,Alligator,Reptil,1,tc,-166.115489484016,1910
51,Saeugetier,Vogel,Atypical,Fledermaus,Saeugetier,1,ac,-65.6274549107896,2006
51,Amphibie,Reptil,Typical,Klapperschlange,Reptil,1,tc,920.421701563559,5422
51,Vogel,Fisch,Atypical,Pinguin,Vogel,1,ac,58.5665856340081,3034
51,Reptil,Saeugetier,Typical,Kaninchen,Saeugetier,1,tc,110.897879536494,1742
51,Saeugetier,Insekt,Typical,Hund,Saeugetier,1,tc,-82.478046491986,1487
51,Saeugetier,Vogel,Typical,Spatz,Vogel,1,tc,305.502709001685,1515
51,Insekt,Reptil,Typical,Chamaeleon,Reptil,1,tc,69.7057756589445,2269
51,Amphibie,Fisch,Typical,Goldfisch,Fisch,1,tc,33.5854316335681,1559
51,Reptil,Fisch,Atypical,Aal,Fisch,1,ac,405.562314108949,1598
51,Vogel,Insekt,Atypical,Schmetterling,Insekt,1,ac,16.6144345982672,1804
51,Saeugetier,Fisch,Typical,Loewe,Saeugetier,1,tc,-28.0374164004251,1367
51,Vogel,Reptil,Typical,Falke,Vogel,1,tc,205.618891799161,1542
51,Vogel,Saeugetier,Typical,Pferd,Saeugetier,1,tc,57.2782984341402,1431
51,Saeugetier,Fisch,Typical,Lachs,Fisch,1,tc,35.9535440761655,1222
52,Insekt,Saeugetier,Typical,Hund,Saeugetier,1,tc,306.319063840777,1447
52,Saeugetier,Fisch,Typical,Hai,Saeugetier,0,tf,95.0516489701701,1944
52,Reptil,Saeugetier,Typical,Kaninchen,Saeugetier,1,tc,-81.5316969277102,1680
52,Insekt,Vogel,Atypical,Schmetterling,Insekt,1,ac,-20.2901974298731,1767
52,Vogel,Reptil,Typical,Falke,Vogel,1,tc,298.369053958848,1600
52,Vogel,Saeugetier,Typical,Spatz,Vogel,1,tc,79.3993968086796,1464
52,Reptil,Amphibie,Typical,Klapperschlange,Reptil,1,tc,89.4258430626194,3111
52,Saeugetier,Fisch,Typical,Loewe,Saeugetier,1,tc,-21.3673143088608,2272
52,Saeugetier,Reptil,Typical,Katze,Saeugetier,1,tc,119.821267477026,3944
52,Amphibie,Fisch,Typical,Goldfisch,Fisch,1,tc,-93.8088718952524,1600
52,Saeugetier,Fisch,Typical,Lachs,Fisch,1,tc,57.7418315743904,2625
52,Reptil,Insekt,Typical,Chamaeleon,Reptil,1,tc,-97.4536218089374,2103
52,Fisch,Saeugetier,Atypical,Seeloewe,Saeugetier,1,ac,-105.805203251091,2880
52,Saeugetier,Vogel,Typical,Pferd,Saeugetier,1,tc,-10.1173139036916,1840
52,Reptil,Saeugetier,Typical,Alligator,Reptil,1,tc,-35.979481636033,2471
52,Fisch,Saeugetier,Atypical,Wal,Saeugetier,1,ac,-101.585295191628,2592
52,Reptil,Fisch,Atypical,Aal,Fisch,1,ac,-96.6620765947961,2504
52,Fisch,Vogel,Atypical,Pinguin,Vogel,1,ac,212.271420253055,4223
52,Vogel,Saeugetier,Atypical,Fledermaus,Saeugetier,1,ac,-47.6502876526742,3705
53,Saeugetier,Insekt,Typical,Hund,Saeugetier,1,tc,-26.4953204978038,1408
53,Vogel,Insekt,Atypical,Schmetterling,Insekt,1,ac,73.7852072125376,1833
53,Saeugetier,Reptil,Typical,Kaninchen,Saeugetier,1,tc,524.766679792136,1456
53,Fisch,Saeugetier,Atypical,Wal,Saeugetier,1,ac,910.860607898232,3823
53,Fisch,Saeugetier,Typical,Loewe,Saeugetier,1,tc,-110.729507851853,1505
53,Reptil,Saeugetier,Typical,Alligator,Reptil,1,tc,-49.6755912072375,3088
53,Saeugetier,Fisch,Atypical,Seeloewe,Saeugetier,1,ac,-53.4921815820093,3632
53,Vogel,Saeugetier,Atypical,Fledermaus,Saeugetier,1,ac,600.139964322379,3576
53,Saeugetier,Vogel,Typical,Spatz,Vogel,1,tc,350.338680119907,1624
53,Reptil,Amphibie,Typical,Klapperschlange,Reptil,1,tc,150.459245237576,9961
53,Reptil,Saeugetier,Typical,Katze,Saeugetier,1,tc,-49.2383472325259,1319
53,Reptil,Vogel,Typical,Falke,Vogel,1,tc,58.3904333201116,1513
53,Insekt,Reptil,Typical,Chamaeleon,Reptil,1,tc,34.9230694453149,2584
53,Vogel,Saeugetier,Typical,Pferd,Saeugetier,1,tc,39.8675048565323,1375
53,Fisch,Saeugetier,Typical,Lachs,Fisch,1,tc,-54.6958698695987,1560
53,Fisch,Vogel,Atypical,Pinguin,Vogel,1,ac,-60.6633478995017,2344
53,Fisch,Amphibie,Typical,Goldfisch,Fisch,1,tc,31.3054787174872,1256
53,Fisch,Saeugetier,Typical,Hai,Fisch,1,tc,-130.904071590382,2360
53,Fisch,Reptil,Atypical,Aal,Fisch,1,ac,-134.612974580298,2080
54,Saeugetier,Fisch,Atypical,Wal,Fisch,0,af,344.240002389732,12071
54,Fisch,Saeugetier,Typical,Hai,Fisch,1,tc,-82.0325927000408,5745
54,Reptil,Vogel,Typical,Falke,Vogel,1,tc,386.31621587703,2207
54,Reptil,Fisch,Atypical,Aal,Fisch,1,ac,167.668190903721,2528
54,Reptil,Saeugetier,Typical,Kaninchen,Saeugetier,1,tc,178.980892135518,5431
54,Fisch,Saeugetier,Typical,Loewe,Saeugetier,1,tc,-43.2369245254031,2224
54,Insekt,Reptil,Typical,Chamaeleon,Reptil,1,tc,274.415311998814,3152
54,Saeugetier,Vogel,Atypical,Fledermaus,Vogel,0,af,391.641095231551,2248
54,Vogel,Saeugetier,Typical,Spatz,Vogel,1,tc,267.952328336857,1960
54,Saeugetier,Vogel,Typical,Pferd,Saeugetier,1,tc,794.744098766734,3654
54,Insekt,Vogel,Atypical,Schmetterling,Insekt,1,ac,1013.29313988894,2424
54,Insekt,Saeugetier,Typical,Hund,Saeugetier,1,tc,1060.4832668637,1817
54,Saeugetier,Fisch,Typical,Lachs,Fisch,1,tc,636.872806142216,1735
54,Fisch,Saeugetier,Atypical,Seeloewe,Saeugetier,1,ac,318.030383363395,4520
54,Fisch,Amphibie,Typical,Goldfisch,Fisch,1,tc,94.3651342537506,1768
54,Saeugetier,Reptil,Typical,Alligator,Reptil,1,tc,199.450348420449,1759
54,Reptil,Amphibie,Typical,Klapperschlange,Reptil,1,tc,44.0987130330099,1912
54,Saeugetier,Reptil,Typical,Katze,Saeugetier,1,tc,-147.524786868154,2897
54,Fisch,Vogel,Atypical,Pinguin,Vogel,1,ac,-144.774546088864,1991
55,Fisch,Saeugetier,Typical,Hai,Saeugetier,0,tf,78.5553011993335,4828
55,Saeugetier,Reptil,Typical,Kaninchen,Saeugetier,1,tc,-119.403633216418,3450
55,Vogel,Saeugetier,Atypical,Fledermaus,Saeugetier,1,ac,486.947017466449,4542
55,Saeugetier,Vogel,Typical,Spatz,Vogel,1,tc,658.107301563095,1759
55,Saeugetier,Fisch,Typical,Lachs,Fisch,1,tc,884.530351799917,1710
55,Fisch,Amphibie,Typical,Goldfisch,Fisch,1,tc,61.0257795358881,1548
55,Vogel,Reptil,Typical,Falke,Vogel,1,tc,-89.8605599272227,1558
55,Fisch,Saeugetier,Atypical,Seeloewe,Saeugetier,1,ac,87.8747052244534,1563
55,Saeugetier,Reptil,Typical,Alligator,Reptil,1,tc,787.13547059478,2140
55,Insekt,Saeugetier,Typical,Hund,Saeugetier,1,tc,69.0819357148982,1270
55,Saeugetier,Vogel,Typical,Pferd,Saeugetier,1,tc,164.323648993368,1998
55,Reptil,Fisch,Atypical,Aal,Fisch,1,ac,206.941576734672,1917
55,Insekt,Vogel,Atypical,Schmetterling,Insekt,1,ac,44.0878705058172,2437
55,Saeugetier,Fisch,Atypical,Wal,Saeugetier,1,ac,48.9254729249268,1854
55,Saeugetier,Reptil,Typical,Katze,Saeugetier,1,tc,108.993923531725,1791
55,Vogel,Fisch,Atypical,Pinguin,Vogel,1,ac,1024.67999573866,2447
55,Fisch,Saeugetier,Typical,Loewe,Saeugetier,1,tc,98.4569645389885,1526
55,Reptil,Insekt,Typical,Chamaeleon,Reptil,1,tc,898.580831716755,2055
55,Reptil,Amphibie,Typical,Klapperschlange,Amphibie,0,tf,100.991783739703,2598
56,Fisch,Amphibie,Typical,Goldfisch,Fisch,1,tc,-70.9471414856864,1072
56,Reptil,Saeugetier,Typical,Kaninchen,Saeugetier,1,tc,118.401963581078,1223
56,Saeugetier,Fisch,Atypical,Seeloewe,Saeugetier,1,ac,902.689249343655,2240
56,Reptil,Insekt,Typical,Chamaeleon,Reptil,1,tc,47.6377175880429,1672
56,Saeugetier,Vogel,Atypical,Fledermaus,Saeugetier,1,ac,159.338185953046,2303
56,Saeugetier,Fisch,Typical,Hai,Fisch,1,tc,546.0483435079,2008
56,Reptil,Saeugetier,Typical,Katze,Saeugetier,1,tc,213.410014828098,1256
56,Saeugetier,Fisch,Typical,Lachs,Fisch,1,tc,52.17563902985,1616
56,Vogel,Reptil,Typical,Falke,Vogel,1,tc,390.610342899115,2072
56,Saeugetier,Insekt,Typical,Hund,Saeugetier,1,tc,47.8292548378405,1192
56,Reptil,Amphibie,Typical,Klapperschlange,Reptil,1,tc,61.9071918895871,2054
56,Reptil,Saeugetier,Typical,Alligator,Reptil,1,tc,55.0851758999577,1696
56,Insekt,Vogel,Atypical,Schmetterling,Insekt,1,ac,-60.7223703414637,1176
56,Saeugetier,Fisch,Atypical,Wal,Saeugetier,1,ac,900.611904444487,2560
56,Reptil,Fisch,Atypical,Aal,Fisch,1,ac,103.006176291639,1992
56,Saeugetier,Vogel,Typical,Pferd,Saeugetier,1,tc,-92.0450343316593,1268
56,Saeugetier,Fisch,Typical,Loewe,Saeugetier,1,tc,85.8971875929499,1215
56,Saeugetier,Vogel,Typical,Spatz,Vogel,1,tc,86.1177566264459,1328
56,Fisch,Vogel,Atypical,Pinguin,Vogel,1,ac,948.739998440361,2544
57,Reptil,Vogel,Typical,Falke,Vogel,1,tc,73.5014917526605,1216
57,Vogel,Saeugetier,Typical,Pferd,Saeugetier,1,tc,881.710417776635,1448
57,Vogel,Saeugetier,Atypical,Fledermaus,Vogel,0,af,24.7033566871103,1312
57,Amphibie,Fisch,Typical,Goldfisch,Fisch,1,tc,357.540579741531,1336
57,Saeugetier,Reptil,Typical,Alligator,Saeugetier,0,tf,29.8578605414394,2928
57,Vogel,Fisch,Atypical,Pinguin,Vogel,1,ac,40.872280967647,2040
57,Saeugetier,Fisch,Typical,Loewe,Saeugetier,1,tc,34.1228670348526,1152
57,Reptil,Fisch,Atypical,Aal,Fisch,1,ac,61.1527298038015,1591
57,Fisch,Saeugetier,Atypical,Wal,Saeugetier,1,ac,588.110367402046,2176
57,Vogel,Insekt,Atypical,Schmetterling,Insekt,1,ac,48.7868837852076,2120
57,Saeugetier,Insekt,Typical,Hund,Saeugetier,1,tc,-11.0989355650127,1583
57,Vogel,Saeugetier,Typical,Spatz,Vogel,1,tc,-72.8060467002256,1272
57,Amphibie,Reptil,Typical,Klapperschlange,Reptil,1,tc,-61.8316607614362,1760
57,Saeugetier,Fisch,Atypical,Seeloewe,Saeugetier,1,ac,23.0094731813558,2311
57,Fisch,Saeugetier,Typical,Lachs,Fisch,1,tc,34.4052238944302,1519
57,Reptil,Saeugetier,Typical,Katze,Saeugetier,1,tc,30.5024998874637,992
57,Saeugetier,Reptil,Typical,Kaninchen,Saeugetier,1,tc,19.5243745766016,1561
57,Reptil,Insekt,Typical,Chamaeleon,Reptil,1,tc,695.821320186854,2432
57,Fisch,Saeugetier,Typical,Hai,Fisch,1,tc,-45.6998436063229,2008
58,Reptil,Vogel,Typical,Falke,Vogel,1,tc,173.146835174751,1712
58,Amphibie,Reptil,Typical,Klapperschlange,Reptil,1,tc,206.604517349393,2783
58,Saeugetier,Fisch,Typical,Loewe,Saeugetier,1,tc,-127.139527458005,1520
58,Vogel,Saeugetier,Typical,Pferd,Saeugetier,1,tc,777.634581842332,1728
58,Reptil,Fisch,Atypical,Aal,Fisch,1,ac,352.212227642032,3327
58,Vogel,Insekt,Atypical,Schmetterling,Insekt,1,ac,287.995318329406,3096
58,Reptil,Saeugetier,Typical,Kaninchen,Saeugetier,1,tc,-79.0456797199049,2328
58,Saeugetier,Vogel,Typical,Spatz,Vogel,1,tc,106.440163952464,2017
58,Saeugetier,Insekt,Typical,Hund,Saeugetier,1,tc,-196.008314971196,2488
58,Amphibie,Fisch,Typical,Goldfisch,Fisch,1,tc,338.962100910932,1992
58,Saeugetier,Vogel,Atypical,Fledermaus,Saeugetier,1,ac,240.21339435822,2816
58,Fisch,Saeugetier,Typical,Hai,Fisch,1,tc,-96.7905142273168,3536
58,Fisch,Saeugetier,Typical,Lachs,Fisch,1,tc,149.108476422081,2407
58,Vogel,Fisch,Atypical,Pinguin,Vogel,1,ac,515.632145433522,4632
58,Reptil,Insekt,Typical,Chamaeleon,Reptil,1,tc,612.697447739925,2176
58,Saeugetier,Reptil,Typical,Katze,Saeugetier,1,tc,80.0595557215507,2288
58,Fisch,Saeugetier,Atypical,Wal,Saeugetier,1,ac,344.965827390645,1568
58,Saeugetier,Reptil,Typical,Alligator,Reptil,1,tc,-313.627774248639,3536
58,Fisch,Saeugetier,Atypical,Seeloewe,Saeugetier,1,ac,99.7295729069804,3968
59,Fisch,Saeugetier,Typical,Loewe,Saeugetier,1,tc,866.37537832774,1408
59,Saeugetier,Fisch,Typical,Hai,Fisch,1,tc,-30.7307992488303,1695
59,Vogel,Insekt,Atypical,Schmetterling,Insekt,1,ac,-25.2846063296551,1672
59,Reptil,Saeugetier,Typical,Alligator,Reptil,1,tc,93.9309796606253,1336
59,Fisch,Saeugetier,Atypical,Wal,Saeugetier,1,ac,-57.3170755676883,1392
59,Vogel,Saeugetier,Typical,Spatz,Vogel,1,tc,-21.8931050226141,1152
59,Insekt,Reptil,Typical,Chamaeleon,Reptil,1,tc,246.701301083476,1632
59,Saeugetier,Reptil,Typical,Kaninchen,Saeugetier,1,tc,26.3558622824336,2360
59,Reptil,Vogel,Typical,Falke,Vogel,1,tc,58.1901196932027,1289
59,Fisch,Amphibie,Typical,Goldfisch,Fisch,1,tc,92.8598161959422,1256
59,Fisch,Saeugetier,Typical,Lachs,Fisch,1,tc,312.393311059689,1224
59,Saeugetier,Fisch,Atypical,Seeloewe,Saeugetier,1,ac,80.4941584608984,1887
59,Saeugetier,Vogel,Typical,Pferd,Saeugetier,1,tc,59.1332242949102,1360
59,Vogel,Saeugetier,Atypical,Fledermaus,Vogel,0,af,124.170235634715,2752
59,Saeugetier,Reptil,Typical,Katze,Saeugetier,1,tc,235.915738356385,2279
59,Insekt,Saeugetier,Typical,Hund,Saeugetier,1,tc,-44.5862618459751,1456
59,Fisch,Reptil,Atypical,Aal,Fisch,1,ac,154.961642034449,1736
59,Fisch,Vogel,Atypical,Pinguin,Vogel,1,ac,-33.4111818317947,2671
59,Amphibie,Reptil,Typical,Klapperschlange,Reptil,1,tc,162.761922563189,2464
60,Saeugetier,Reptil,Typical,Kaninchen,Saeugetier,1,tc,-30.5223133463548,1193
60,Reptil,Amphibie,Typical,Klapperschlange,Reptil,1,tc,-76.8616729912214,1432
60,Saeugetier,Vogel,Atypical,Fledermaus,Saeugetier,1,ac,883.170032614713,1656
60,Saeugetier,Fisch,Atypical,Seeloewe,Saeugetier,1,ac,-86.8893783701434,1160
60,Reptil,Vogel,Typical,Falke,Vogel,1,tc,121.962155330058,1007
60,Insekt,Saeugetier,Typical,Hund,Saeugetier,1,tc,-20.7411213155434,784
60,Fisch,Saeugetier,Typical,Hai,Fisch,1,tc,69.8683994267217,872
60,Saeugetier,Fisch,Typical,Lachs,Fisch,1,tc,52.2463518610733,833
60,Saeugetier,Reptil,Typical,Alligator,Reptil,1,tc,56.212034768729,1231
60,Saeugetier,Reptil,Typical,Katze,Saeugetier,1,tc,-35.9875204661717,1080
60,Amphibie,Fisch,Typical,Goldfisch,Fisch,1,tc,25.4587649639939,792
60,Saeugetier,Vogel,Typical,Spatz,Vogel,1,tc,270.792042095241,1040
60,Vogel,Saeugetier,Typical,Pferd,Saeugetier,1,tc,40.0157122457627,703
60,Vogel,Fisch,Atypical,Pinguin,Vogel,1,ac,1017.80818619207,2088
60,Reptil,Insekt,Typical,Chamaeleon,Reptil,1,tc,147.597176186558,1088
60,Fisch,Saeugetier,Atypical,Wal,Saeugetier,1,ac,1042.04541577029,4551
60,Reptil,Fisch,Atypical,Aal,Fisch,1,ac,1088.29466928605,1560
60,Saeugetier,Fisch,Typical,Loewe,Saeugetier,1,tc,-114.109019028178,984
60,Vogel,Insekt,Atypical,Schmetterling,Insekt,1,ac,991.237718716661,1311
